,,,,,,,,,,,,,
Block Load Profile Report From 01-May-2019 To 10-May-2019,,,,,,,,,,,,,
Consumer Number:,,Consumer Name:,,Substation Name:,ABCD,Feeder Name:,A1,Dtr Name:,DTR2,Meter Number:,,Contracted Load(kW):,1
S.No., Captured Date and Time,,,,,Active Energy(kWh),,Apparent Energy(kVAh),,Average Voltage(V),Average Current(A),Neutral Current(A),Status Byte
,,,,,,Import,Export,Import,Export,,,,
1,01-May-2019 00:00:00,,,,,0.049,0.000,0.060 ,0.000 ,226.240,1.050,0.000,-
2,01-May-2019 00:15:00,,,,,0.050,0.000,0.060 ,0.000 ,227.600,1.050,0.000,-
3,01-May-2019 00:30:00,,,,,0.044,0.000,0.055 ,0.000 ,227.450,0.960,0.000,-
4,01-May-2019 00:45:00,,,,,0.040,0.000,0.051 ,0.000 ,228.440,0.890,0.000,-
5,01-May-2019 01:00:00,,,,,0.041,0.000,0.052 ,0.000 ,229.020,0.900,0.000,-
6,01-May-2019 01:15:00,,,,,0.041,0.000,0.052 ,0.000 ,229.840,0.900,0.000,-
7,01-May-2019 01:30:00,,,,,0.041,0.000,0.052 ,0.000 ,230.090,0.900,0.000,-
8,01-May-2019 01:45:00,,,,,0.042,0.000,0.053 ,0.000 ,231.630,0.910,0.000,-
9,01-May-2019 02:00:00,,,,,0.043,0.000,0.055 ,0.000 ,231.330,0.930,0.000,-
10,01-May-2019 02:15:00,,,,,0.042,0.000,0.053 ,0.000 ,233.380,0.920,0.000,-
11,01-May-2019 02:30:00,,,,,0.042,0.000,0.054 ,0.000 ,232.540,0.910,0.000,-
12,01-May-2019 02:45:00,,,,,0.041,0.000,0.053 ,0.000 ,233.920,0.910,0.000,-
13,01-May-2019 03:00:00,,,,,0.043,0.000,0.055 ,0.000 ,234.080,0.920,0.000,-
14,01-May-2019 03:15:00,,,,,0.042,0.000,0.055 ,0.000 ,237.850,0.930,0.000,-
15,01-May-2019 03:30:00,,,,,0.043,0.000,0.057 ,0.000 ,238.910,0.940,0.000,-
16,01-May-2019 03:45:00,,,,,0.043,0.000,0.057 ,0.000 ,239.320,0.940,0.000,-
17,01-May-2019 04:00:00,,,,,0.044,0.000,0.057 ,0.000 ,239.430,0.940,0.000,-
18,01-May-2019 04:15:00,,,,,0.043,0.000,0.057 ,0.000 ,239.790,0.950,0.000,-
19,01-May-2019 04:30:00,,,,,0.044,0.000,0.057 ,0.000 ,240.240,0.950,0.000,-
20,01-May-2019 04:45:00,,,,,0.043,0.000,0.058 ,0.000 ,240.420,0.950,0.000,-
21,01-May-2019 05:00:00,,,,,0.043,0.000,0.057 ,0.000 ,240.790,0.950,0.000,-
22,01-May-2019 05:15:00,,,,,0.043,0.000,0.058 ,0.000 ,240.780,0.950,0.000,-
23,01-May-2019 05:30:00,,,,,0.044,0.000,0.057 ,0.000 ,241.050,0.950,0.000,-
24,01-May-2019 05:45:00,,,,,0.044,0.000,0.059 ,0.000 ,241.400,0.950,0.000,-
25,01-May-2019 06:00:00,,,,,0.043,0.000,0.057 ,0.000 ,241.320,0.950,0.000,-
26,01-May-2019 06:15:00,,,,,0.043,0.000,0.058 ,0.000 ,240.200,0.950,0.000,-
27,01-May-2019 06:30:00,,,,,0.043,0.000,0.056 ,0.000 ,239.590,0.940,0.000,-
28,01-May-2019 06:45:00,,,,,0.014,0.000,0.018 ,0.000 ,237.560,0.930,0.000,-
29,01-May-2019 07:00:00,,,,,0.012,0.000,0.016 ,0.000 ,232.030,0.920,0.000,-
30,01-May-2019 07:15:00,,,,,0.043,0.000,0.055 ,0.000 ,235.280,0.930,0.000,-
31,01-May-2019 07:30:00,,,,,0.042,0.000,0.055 ,0.000 ,236.200,0.930,0.000,-
32,01-May-2019 07:45:00,,,,,0.043,0.000,0.055 ,0.000 ,236.710,0.930,0.000,-
33,01-May-2019 08:00:00,,,,,0.045,0.000,0.057 ,0.000 ,236.520,0.960,0.000,-
34,01-May-2019 08:15:00,,,,,0.045,0.000,0.057 ,0.000 ,235.760,0.950,0.000,-
35,01-May-2019 08:30:00,,,,,0.036,0.000,0.051 ,0.000 ,234.720,0.880,0.000,-
36,01-May-2019 08:45:00,,,,,0.044,0.000,0.055 ,0.000 ,232.580,0.930,0.000,-
37,01-May-2019 09:00:00,,,,,0.102,0.000,0.111 ,0.000 ,230.300,1.930,0.000,-
38,01-May-2019 09:15:00,,,,,0.096,0.000,0.104 ,0.000 ,227.240,1.810,0.000,-
39,01-May-2019 09:30:00,,,,,0.072,0.000,0.081 ,0.000 ,225.370,1.440,0.000,-
40,01-May-2019 09:45:00,,,,,0.042,0.000,0.051 ,0.000 ,224.980,0.910,0.000,-
41,01-May-2019 10:00:00,,,,,0.027,0.000,0.044 ,0.000 ,224.760,0.770,0.000,-
42,01-May-2019 10:15:00,,,,,0.023,0.000,0.041 ,0.000 ,223.360,0.730,0.000,-
43,01-May-2019 10:30:00,,,,,0.024,0.000,0.041 ,0.000 ,223.950,0.730,0.000,-
44,01-May-2019 10:45:00,,,,,0.023,0.000,0.041 ,0.000 ,223.700,0.730,0.000,-
45,01-May-2019 11:00:00,,,,,0.028,0.000,0.044 ,0.000 ,221.790,0.780,0.000,-
46,01-May-2019 11:15:00,,,,,0.044,0.000,0.055 ,0.000 ,222.130,0.980,0.000,-
47,01-May-2019 11:30:00,,,,,0.025,0.000,0.042 ,0.000 ,222.230,0.750,0.000,-
48,01-May-2019 11:45:00,,,,,0.031,0.000,0.044 ,0.000 ,221.870,0.800,0.000,-
49,01-May-2019 12:00:00,,,,,0.046,0.000,0.056 ,0.000 ,222.100,0.990,0.000,-
50,01-May-2019 12:15:00,,,,,0.051,0.000,0.058 ,0.000 ,221.230,1.050,0.000,-
51,01-May-2019 12:30:00,,,,,0.050,0.000,0.059 ,0.000 ,220.710,1.060,0.000,-
52,01-May-2019 12:45:00,,,,,0.050,0.000,0.059 ,0.000 ,220.950,1.060,0.000,-
53,01-May-2019 13:00:00,,,,,0.048,0.000,0.057 ,0.000 ,221.410,1.040,0.000,-
54,01-May-2019 13:15:00,,,,,0.050,0.000,0.059 ,0.000 ,223.420,1.050,0.000,-
55,01-May-2019 13:30:00,,,,,0.042,0.000,0.054 ,0.000 ,223.730,0.950,0.000,-
56,01-May-2019 13:45:00,,,,,0.024,0.000,0.041 ,0.000 ,220.230,0.740,0.000,-
57,01-May-2019 14:00:00,,,,,0.041,0.000,0.049 ,0.000 ,220.120,0.890,0.000,-
58,01-May-2019 14:15:00,,,,,0.040,0.000,0.049 ,0.000 ,222.040,0.870,0.000,-
59,01-May-2019 14:30:00,,,,,0.038,0.000,0.048 ,0.000 ,221.490,0.870,0.000,-
60,01-May-2019 14:45:00,,,,,0.040,0.000,0.049 ,0.000 ,222.280,0.870,0.000,-
61,01-May-2019 15:00:00,,,,,0.038,0.000,0.048 ,0.000 ,219.820,0.860,0.000,-
62,01-May-2019 15:15:00,,,,,0.038,0.000,0.047 ,0.000 ,218.890,0.860,0.000,-
63,01-May-2019 15:30:00,,,,,0.039,0.000,0.048 ,0.000 ,219.860,0.860,0.000,-
64,01-May-2019 15:45:00,,,,,0.037,0.000,0.046 ,0.000 ,217.380,0.850,0.000,-
65,01-May-2019 16:00:00,,,,,0.038,0.000,0.047 ,0.000 ,216.420,0.850,0.000,-
66,01-May-2019 16:15:00,,,,,0.038,0.000,0.046 ,0.000 ,216.690,0.850,0.000,-
67,01-May-2019 16:30:00,,,,,0.039,0.000,0.047 ,0.000 ,219.320,0.860,0.000,-
68,01-May-2019 16:45:00,,,,,0.041,0.000,0.050 ,0.000 ,219.420,0.890,0.000,-
69,01-May-2019 17:00:00,,,,,0.042,0.000,0.051 ,0.000 ,224.360,0.910,0.000,-
70,01-May-2019 17:15:00,,,,,0.043,0.000,0.052 ,0.000 ,226.910,0.920,0.000,-
71,01-May-2019 17:30:00,,,,,0.042,0.000,0.052 ,0.000 ,225.540,0.910,0.000,-
72,01-May-2019 17:45:00,,,,,0.042,0.000,0.052 ,0.000 ,226.180,0.910,0.000,-
73,01-May-2019 18:00:00,,,,,0.031,0.000,0.046 ,0.000 ,227.910,0.810,0.000,-
74,01-May-2019 18:15:00,,,,,0.035,0.000,0.054 ,0.000 ,231.660,0.910,0.000,-
75,01-May-2019 18:30:00,,,,,0.036,0.000,0.053 ,0.000 ,231.880,0.910,0.000,-
76,01-May-2019 18:45:00,,,,,0.033,0.000,0.051 ,0.000 ,231.980,0.880,0.000,-
77,01-May-2019 19:00:00,,,,,0.039,0.000,0.054 ,0.000 ,230.900,0.940,0.000,-
78,01-May-2019 19:15:00,,,,,0.052,0.000,0.062 ,0.000 ,228.800,1.070,0.000,-
79,01-May-2019 19:30:00,,,,,0.052,0.000,0.062 ,0.000 ,228.060,1.070,0.000,-
80,01-May-2019 19:45:00,,,,,0.053,0.000,0.061 ,0.000 ,228.990,1.080,0.000,-
81,01-May-2019 20:00:00,,,,,0.052,0.000,0.063 ,0.000 ,230.670,1.070,0.000,-
82,01-May-2019 20:15:00,,,,,0.053,0.000,0.063 ,0.000 ,232.750,1.080,0.000,-
83,01-May-2019 20:30:00,,,,,0.054,0.000,0.064 ,0.000 ,233.830,1.080,0.000,-
84,01-May-2019 20:45:00,,,,,0.053,0.000,0.063 ,0.000 ,233.210,1.080,0.000,-
85,01-May-2019 21:00:00,,,,,0.054,0.000,0.063 ,0.000 ,231.290,1.090,0.000,-
86,01-May-2019 21:15:00,,,,,0.052,0.000,0.062 ,0.000 ,228.950,1.070,0.000,-
87,01-May-2019 21:30:00,,,,,0.052,0.000,0.061 ,0.000 ,228.190,1.070,0.000,-
88,01-May-2019 21:45:00,,,,,0.052,0.000,0.062 ,0.000 ,229.140,1.070,0.000,-
89,01-May-2019 22:00:00,,,,,0.053,0.000,0.062 ,0.000 ,229.130,1.080,0.000,-
90,01-May-2019 22:15:00,,,,,0.052,0.000,0.061 ,0.000 ,226.220,1.070,0.000,-
91,01-May-2019 22:30:00,,,,,0.044,0.000,0.057 ,0.000 ,224.960,1.000,0.000,-
92,01-May-2019 22:45:00,,,,,0.044,0.000,0.061 ,0.000 ,225.820,1.070,0.000,-
93,01-May-2019 23:00:00,,,,,0.077,0.000,0.097 ,0.000 ,226.890,1.700,0.000,-
94,01-May-2019 23:15:00,,,,,0.094,0.000,0.109 ,0.000 ,228.490,1.910,0.000,-
95,01-May-2019 23:30:00,,,,,0.096,0.000,0.111 ,0.000 ,229.210,1.920,0.000,-
96,01-May-2019 23:45:00,,,,,0.095,0.000,0.111 ,0.000 ,230.590,1.910,0.000,-
97,02-May-2019 00:00:00,,,,,0.096,0.000,0.111 ,0.000 ,232.650,1.910,0.000,-
98,02-May-2019 00:15:00,,,,,0.089,0.000,0.104 ,0.000 ,230.710,1.810,0.000,-
99,02-May-2019 00:30:00,,,,,0.085,0.000,0.102 ,0.000 ,232.320,1.750,0.000,-
100,02-May-2019 00:45:00,,,,,0.085,0.000,0.102 ,0.000 ,232.250,1.740,0.000,-
101,02-May-2019 01:00:00,,,,,0.084,0.000,0.102 ,0.000 ,232.790,1.740,0.000,-
102,02-May-2019 01:15:00,,,,,0.086,0.000,0.103 ,0.000 ,233.770,1.750,0.000,-
103,02-May-2019 01:30:00,,,,,0.085,0.000,0.102 ,0.000 ,233.520,1.750,0.000,-
104,02-May-2019 01:45:00,,,,,0.085,0.000,0.104 ,0.000 ,236.510,1.750,0.000,-
105,02-May-2019 02:00:00,,,,,0.086,0.000,0.104 ,0.000 ,236.540,1.750,0.000,-
106,02-May-2019 02:15:00,,,,,0.087,0.000,0.107 ,0.000 ,241.330,1.760,0.000,-
107,02-May-2019 02:30:00,,,,,0.087,0.000,0.107 ,0.000 ,241.980,1.770,0.000,-
108,02-May-2019 02:45:00,,,,,0.087,0.000,0.108 ,0.000 ,242.670,1.770,0.000,-
109,02-May-2019 03:00:00,,,,,0.088,0.000,0.108 ,0.000 ,243.350,1.770,0.000,-
110,02-May-2019 03:15:00,,,,,0.087,0.000,0.109 ,0.000 ,243.170,1.770,0.000,-
111,02-May-2019 03:30:00,,,,,0.088,0.000,0.108 ,0.000 ,243.110,1.770,0.000,-
112,02-May-2019 03:45:00,,,,,0.087,0.000,0.108 ,0.000 ,243.820,1.770,0.000,-
113,02-May-2019 04:00:00,,,,,0.088,0.000,0.109 ,0.000 ,243.820,1.770,0.000,-
114,02-May-2019 04:15:00,,,,,0.088,0.000,0.109 ,0.000 ,244.050,1.780,0.000,-
115,02-May-2019 04:30:00,,,,,0.087,0.000,0.106 ,0.000 ,240.040,1.760,0.000,-
116,02-May-2019 04:45:00,,,,,0.086,0.000,0.105 ,0.000 ,238.220,1.760,0.000,-
117,02-May-2019 05:00:00,,,,,0.087,0.000,0.106 ,0.000 ,239.600,1.760,0.000,-
118,02-May-2019 05:15:00,,,,,0.086,0.000,0.106 ,0.000 ,239.290,1.760,0.000,-
119,02-May-2019 05:30:00,,,,,0.086,0.000,0.105 ,0.000 ,238.830,1.750,0.000,-
120,02-May-2019 05:45:00,,,,,0.085,0.000,0.105 ,0.000 ,237.440,1.750,0.000,-
121,02-May-2019 06:00:00,,,,,0.086,0.000,0.104 ,0.000 ,237.810,1.750,0.000,-
122,02-May-2019 06:15:00,,,,,0.086,0.000,0.106 ,0.000 ,239.630,1.760,0.000,-
123,02-May-2019 06:30:00,,,,,0.087,0.000,0.106 ,0.000 ,240.010,1.760,0.000,-
124,02-May-2019 06:45:00,,,,,0.086,0.000,0.104 ,0.000 ,237.440,1.750,0.000,-
125,02-May-2019 07:00:00,,,,,0.069,0.000,0.095 ,0.000 ,238.960,1.570,0.000,-
126,02-May-2019 07:15:00,,,,,0.069,0.000,0.095 ,0.000 ,238.270,1.580,0.000,-
127,02-May-2019 07:30:00,,,,,0.080,0.000,0.104 ,0.000 ,238.810,1.740,0.000,-
128,02-May-2019 07:45:00,,,,,0.069,0.000,0.095 ,0.000 ,239.910,1.580,0.000,-
129,02-May-2019 08:00:00,,,,,0.069,0.000,0.095 ,0.000 ,238.980,1.580,0.000,-
130,02-May-2019 08:15:00,,,,,0.069,0.000,0.094 ,0.000 ,237.450,1.570,0.000,-
131,02-May-2019 08:30:00,,,,,0.055,0.000,0.075 ,0.000 ,235.710,1.260,0.000,-
132,02-May-2019 08:45:00,,,,,0.045,0.000,0.057 ,0.000 ,236.320,0.960,0.000,-
133,02-May-2019 09:00:00,,,,,0.150,0.000,0.158 ,0.000 ,235.850,2.700,0.000,-
134,02-May-2019 09:15:00,,,,,0.047,0.000,0.058 ,0.000 ,235.330,0.980,0.000,-
135,02-May-2019 09:30:00,,,,,0.078,0.000,0.086 ,0.000 ,232.160,1.480,0.000,-
136,02-May-2019 09:45:00,,,,,0.045,0.000,0.055 ,0.000 ,229.670,0.950,0.000,-
137,02-May-2019 10:00:00,,,,,0.040,0.000,0.052 ,0.000 ,228.900,0.890,0.000,-
138,02-May-2019 10:15:00,,,,,0.049,0.000,0.059 ,0.000 ,229.820,1.030,0.000,-
139,02-May-2019 10:30:00,,,,,0.053,0.000,0.062 ,0.000 ,229.860,1.070,0.000,-
140,02-May-2019 10:45:00,,,,,0.052,0.000,0.062 ,0.000 ,228.730,1.070,0.000,-
141,02-May-2019 11:00:00,,,,,0.052,0.000,0.062 ,0.000 ,227.560,1.070,0.000,-
142,02-May-2019 11:15:00,,,,,0.051,0.000,0.061 ,0.000 ,227.640,1.070,0.000,-
143,02-May-2019 11:30:00,,,,,0.052,0.000,0.061 ,0.000 ,226.590,1.070,0.000,-
144,02-May-2019 11:45:00,,,,,0.051,0.000,0.060 ,0.000 ,225.890,1.070,0.000,-
145,02-May-2019 12:00:00,,,,,0.051,0.000,0.061 ,0.000 ,225.400,1.070,0.000,-
146,02-May-2019 12:15:00,,,,,0.051,0.000,0.060 ,0.000 ,224.880,1.070,0.000,-
147,02-May-2019 12:30:00,,,,,0.043,0.000,0.053 ,0.000 ,224.950,0.930,0.000,-
148,02-May-2019 12:45:00,,,,,0.024,0.000,0.042 ,0.000 ,224.810,0.740,0.000,-
149,02-May-2019 13:00:00,,,,,0.023,0.000,0.041 ,0.000 ,224.490,0.740,0.000,-
150,02-May-2019 13:15:00,,,,,0.023,0.000,0.042 ,0.000 ,225.570,0.740,0.000,-
151,02-May-2019 13:30:00,,,,,0.024,0.000,0.042 ,0.000 ,224.900,0.740,0.000,-
152,02-May-2019 13:45:00,,,,,0.023,0.000,0.042 ,0.000 ,223.760,0.730,0.000,-
153,02-May-2019 14:00:00,,,,,0.023,0.000,0.041 ,0.000 ,223.420,0.730,0.000,-
154,02-May-2019 14:15:00,,,,,0.023,0.000,0.042 ,0.000 ,224.890,0.740,0.000,-
155,02-May-2019 14:30:00,,,,,0.023,0.000,0.041 ,0.000 ,223.020,0.730,0.000,-
156,02-May-2019 14:45:00,,,,,0.023,0.000,0.041 ,0.000 ,222.220,0.730,0.000,-
157,02-May-2019 15:00:00,,,,,0.023,0.000,0.040 ,0.000 ,221.410,0.720,0.000,-
158,02-May-2019 15:15:00,,,,,0.023,0.000,0.040 ,0.000 ,220.730,0.720,0.000,-
159,02-May-2019 15:30:00,,,,,0.030,0.000,0.044 ,0.000 ,219.790,0.790,0.000,-
160,02-May-2019 15:45:00,,,,,0.047,0.000,0.056 ,0.000 ,220.280,1.010,0.000,-
161,02-May-2019 16:00:00,,,,,0.051,0.000,0.060 ,0.000 ,221.240,1.070,0.000,-
162,02-May-2019 16:15:00,,,,,0.041,0.000,0.050 ,0.000 ,220.780,0.900,0.000,-
163,02-May-2019 16:30:00,,,,,0.039,0.000,0.049 ,0.000 ,223.110,0.870,0.000,-
164,02-May-2019 16:45:00,,,,,0.040,0.000,0.050 ,0.000 ,226.140,0.880,0.000,-
165,02-May-2019 17:00:00,,,,,0.040,0.000,0.051 ,0.000 ,227.430,0.890,0.000,-
166,02-May-2019 17:15:00,,,,,0.040,0.000,0.051 ,0.000 ,228.420,0.890,0.000,-
167,02-May-2019 17:30:00,,,,,0.041,0.000,0.052 ,0.000 ,231.150,0.900,0.000,-
168,02-May-2019 17:45:00,,,,,0.044,0.000,0.057 ,0.000 ,234.550,0.950,0.000,-
169,02-May-2019 18:00:00,,,,,0.054,0.000,0.064 ,0.000 ,236.170,1.090,0.000,-
170,02-May-2019 18:15:00,,,,,0.053,0.000,0.065 ,0.000 ,235.320,1.090,0.000,-
171,02-May-2019 18:30:00,,,,,0.046,0.000,0.052 ,0.000 ,234.050,0.890,0.000,-
172,02-May-2019 18:45:00,,,,,0.055,0.000,0.067 ,0.000 ,238.320,1.110,0.000,-
173,02-May-2019 19:00:00,,,,,0.055,0.000,0.066 ,0.000 ,238.580,1.100,0.000,-
174,02-May-2019 19:15:00,,,,,0.055,0.000,0.066 ,0.000 ,238.510,1.100,0.000,-
175,02-May-2019 19:30:00,,,,,0.055,0.000,0.066 ,0.000 ,237.810,1.100,0.000,-
176,02-May-2019 19:45:00,,,,,0.055,0.000,0.065 ,0.000 ,237.970,1.100,0.000,-
177,02-May-2019 20:00:00,,,,,0.055,0.000,0.066 ,0.000 ,239.320,1.100,0.000,-
178,02-May-2019 20:15:00,,,,,0.055,0.000,0.068 ,0.000 ,240.940,1.110,0.000,-
179,02-May-2019 20:30:00,,,,,0.055,0.000,0.066 ,0.000 ,240.620,1.110,0.000,-
180,02-May-2019 20:45:00,,,,,0.055,0.000,0.067 ,0.000 ,239.470,1.100,0.000,-
181,02-May-2019 21:00:00,,,,,0.055,0.000,0.067 ,0.000 ,240.210,1.100,0.000,-
182,02-May-2019 21:15:00,,,,,0.055,0.000,0.066 ,0.000 ,240.030,1.100,0.000,-
183,02-May-2019 21:30:00,,,,,0.052,0.000,0.071 ,0.000 ,235.980,1.190,0.000,-
184,02-May-2019 21:45:00,,,,,0.079,0.000,0.100 ,0.000 ,233.040,1.710,0.000,-
185,02-May-2019 22:00:00,,,,,0.076,0.000,0.098 ,0.000 ,233.620,1.660,0.000,-
186,02-May-2019 22:15:00,,,,,0.066,0.000,0.086 ,0.000 ,233.000,1.480,0.000,-
187,02-May-2019 22:30:00,,,,,0.091,0.000,0.107 ,0.000 ,230.880,1.840,0.000,-
188,02-May-2019 22:45:00,,,,,0.094,0.000,0.108 ,0.000 ,230.450,1.860,0.000,-
189,02-May-2019 23:00:00,,,,,0.094,0.000,0.109 ,0.000 ,231.530,1.870,0.000,-
190,02-May-2019 23:15:00,,,,,0.094,0.000,0.110 ,0.000 ,233.000,1.880,0.000,-
191,02-May-2019 23:30:00,,,,,0.095,0.000,0.109 ,0.000 ,232.200,1.880,0.000,-
192,02-May-2019 23:45:00,,,,,0.095,0.000,0.111 ,0.000 ,233.520,1.890,0.000,-
193,03-May-2019 00:00:00,,,,,0.096,0.000,0.110 ,0.000 ,233.910,1.880,0.000,-
194,03-May-2019 00:15:00,,,,,0.090,0.000,0.106 ,0.000 ,234.230,1.810,0.000,-
195,03-May-2019 00:30:00,,,,,0.082,0.000,0.100 ,0.000 ,232.920,1.710,0.000,-
196,03-May-2019 00:45:00,,,,,0.084,0.000,0.101 ,0.000 ,234.010,1.710,0.000,-
197,03-May-2019 01:00:00,,,,,0.083,0.000,0.101 ,0.000 ,234.810,1.710,0.000,-
198,03-May-2019 01:15:00,,,,,0.084,0.000,0.102 ,0.000 ,235.400,1.720,0.000,-
199,03-May-2019 01:30:00,,,,,0.083,0.000,0.100 ,0.000 ,234.910,1.710,0.000,-
200,03-May-2019 01:45:00,,,,,0.081,0.000,0.100 ,0.000 ,235.790,1.690,0.000,-
201,03-May-2019 02:00:00,,,,,0.082,0.000,0.100 ,0.000 ,235.860,1.690,0.000,-
202,03-May-2019 02:15:00,,,,,0.081,0.000,0.101 ,0.000 ,236.040,1.690,0.000,-
203,03-May-2019 02:30:00,,,,,0.082,0.000,0.100 ,0.000 ,237.010,1.690,0.000,-
204,03-May-2019 02:45:00,,,,,0.081,0.000,0.101 ,0.000 ,236.850,1.690,0.000,-
205,03-May-2019 03:00:00,,,,,0.082,0.000,0.101 ,0.000 ,237.130,1.690,0.000,-
206,03-May-2019 03:15:00,,,,,0.082,0.000,0.102 ,0.000 ,237.860,1.700,0.000,-
207,03-May-2019 03:30:00,,,,,0.082,0.000,0.102 ,0.000 ,238.940,1.700,0.000,-
208,03-May-2019 03:45:00,,,,,0.083,0.000,0.102 ,0.000 ,239.090,1.700,0.000,-
209,03-May-2019 04:00:00,,,,,0.082,0.000,0.103 ,0.000 ,239.590,1.700,0.000,-
210,03-May-2019 04:15:00,,,,,0.083,0.000,0.102 ,0.000 ,239.510,1.710,0.000,-
211,03-May-2019 04:30:00,,,,,0.082,0.000,0.103 ,0.000 ,238.970,1.700,0.000,-
212,03-May-2019 04:45:00,,,,,0.082,0.000,0.101 ,0.000 ,237.820,1.700,0.000,-
213,03-May-2019 05:00:00,,,,,0.081,0.000,0.102 ,0.000 ,238.040,1.700,0.000,-
214,03-May-2019 05:15:00,,,,,0.082,0.000,0.101 ,0.000 ,237.430,1.700,0.000,-
215,03-May-2019 05:30:00,,,,,0.082,0.000,0.102 ,0.000 ,238.370,1.700,0.000,-
216,03-May-2019 05:45:00,,,,,0.082,0.000,0.102 ,0.000 ,238.480,1.700,0.000,-
217,03-May-2019 06:00:00,,,,,0.082,0.000,0.101 ,0.000 ,238.870,1.700,0.000,-
218,03-May-2019 06:15:00,,,,,0.083,0.000,0.103 ,0.000 ,239.110,1.710,0.000,-
219,03-May-2019 06:30:00,,,,,0.084,0.000,0.102 ,0.000 ,237.020,1.720,0.000,-
220,03-May-2019 06:45:00,,,,,0.085,0.000,0.102 ,0.000 ,235.040,1.720,0.000,-
221,03-May-2019 07:00:00,,,,,0.065,0.000,0.091 ,0.000 ,236.100,1.530,0.000,-
222,03-May-2019 07:15:00,,,,,0.065,0.000,0.091 ,0.000 ,236.600,1.530,0.000,-
223,03-May-2019 07:30:00,,,,,0.066,0.000,0.091 ,0.000 ,237.080,1.530,0.000,-
224,03-May-2019 07:45:00,,,,,0.067,0.000,0.091 ,0.000 ,236.410,1.530,0.000,-
225,03-May-2019 08:00:00,,,,,0.066,0.000,0.093 ,0.000 ,238.970,1.540,0.000,-
226,03-May-2019 08:15:00,,,,,0.061,0.000,0.086 ,0.000 ,238.670,1.440,0.000,-
227,03-May-2019 08:30:00,,,,,0.042,0.000,0.065 ,0.000 ,237.600,1.090,0.000,-
228,03-May-2019 08:45:00,,,,,0.027,0.000,0.048 ,0.000 ,236.530,0.810,0.000,-
229,03-May-2019 09:00:00,,,,,0.027,0.000,0.048 ,0.000 ,234.460,0.800,0.000,-
230,03-May-2019 09:15:00,,,,,0.126,0.000,0.140 ,0.000 ,230.610,2.450,0.000,-
231,03-May-2019 09:30:00,,,,,0.032,0.000,0.049 ,0.000 ,229.040,0.860,0.000,-
232,03-May-2019 09:45:00,,,,,0.031,0.000,0.047 ,0.000 ,227.730,0.810,0.000,-
233,03-May-2019 10:00:00,,,,,0.042,0.000,0.053 ,0.000 ,228.470,0.920,0.000,-
234,03-May-2019 10:15:00,,,,,0.043,0.000,0.052 ,0.000 ,227.800,0.910,0.000,-
235,03-May-2019 10:30:00,,,,,0.048,0.000,0.058 ,0.000 ,227.050,1.010,0.000,-
236,03-May-2019 10:45:00,,,,,0.051,0.000,0.060 ,0.000 ,226.470,1.060,0.000,-
237,03-May-2019 11:00:00,,,,,0.049,0.000,0.058 ,0.000 ,218.600,1.050,0.000,-
238,03-May-2019 11:15:00,,,,,0.048,0.000,0.056 ,0.000 ,211.620,1.050,0.000,-
239,03-May-2019 11:30:00,,,,,0.051,0.000,0.059 ,0.000 ,222.130,1.060,0.000,-
240,03-May-2019 11:45:00,,,,,0.050,0.000,0.058 ,0.000 ,221.960,1.070,0.000,-
241,03-May-2019 12:00:00,,,,,0.043,0.000,0.049 ,0.000 ,217.270,0.900,0.000,-
242,03-May-2019 12:15:00,,,,,0.050,0.000,0.059 ,0.000 ,219.050,1.050,0.000,-
243,03-May-2019 12:30:00,,,,,0.049,0.000,0.056 ,0.000 ,215.200,1.040,0.000,-
244,03-May-2019 12:45:00,,,,,0.036,0.000,0.050 ,0.000 ,223.420,0.890,0.000,-
245,03-May-2019 13:00:00,,,,,0.022,0.000,0.037 ,0.000 ,211.890,0.680,0.000,-
246,03-May-2019 13:15:00,,,,,0.019,0.000,0.033 ,0.000 ,220.460,0.590,0.000,-
247,03-May-2019 13:30:00,,,,,0.024,0.000,0.040 ,0.000 ,222.390,0.730,0.000,-
248,03-May-2019 13:45:00,,,,,0.022,0.000,0.040 ,0.000 ,219.790,0.720,0.000,-
249,03-May-2019 14:00:00,,,,,0.023,0.000,0.040 ,0.000 ,219.110,0.710,0.000,-
250,03-May-2019 14:15:00,,,,,0.023,0.000,0.040 ,0.000 ,221.130,0.720,0.000,-
251,03-May-2019 14:30:00,,,,,0.023,0.000,0.040 ,0.000 ,220.590,0.720,0.000,-
252,03-May-2019 14:45:00,,,,,0.023,0.000,0.039 ,0.000 ,219.840,0.710,0.000,-
253,03-May-2019 15:00:00,,,,,0.003,0.000,0.006 ,0.000 ,222.800,0.270,0.000,-
254,03-May-2019 15:15:00,,,,,0.000,0.000,0.000 ,0.000 ,0.000,0.000,0.000,-
255,03-May-2019 15:30:00,,,,,0.006,0.000,0.006 ,0.000 ,221.530,0.430,0.000,-
256,03-May-2019 15:45:00,,,,,0.011,0.000,0.015 ,0.000 ,215.650,0.280,0.000,-
257,03-May-2019 16:00:00,,,,,0.023,0.000,0.038 ,0.000 ,212.430,0.700,0.000,-
258,03-May-2019 16:15:00,,,,,0.023,0.000,0.037 ,0.000 ,211.740,0.700,0.000,-
259,03-May-2019 16:30:00,,,,,0.023,0.000,0.039 ,0.000 ,214.820,0.710,0.000,-
260,03-May-2019 16:45:00,,,,,0.023,0.000,0.041 ,0.000 ,222.680,0.730,0.000,-
261,03-May-2019 17:00:00,,,,,0.025,0.000,0.043 ,0.000 ,227.450,0.750,0.000,-
262,03-May-2019 17:15:00,,,,,0.024,0.000,0.043 ,0.000 ,227.410,0.750,0.000,-
263,03-May-2019 17:30:00,,,,,0.040,0.000,0.052 ,0.000 ,228.060,0.900,0.000,-
264,03-May-2019 17:45:00,,,,,0.043,0.000,0.053 ,0.000 ,228.340,0.920,0.000,-
265,03-May-2019 18:00:00,,,,,0.030,0.000,0.047 ,0.000 ,229.690,0.810,0.000,-
266,03-May-2019 18:15:00,,,,,0.033,0.000,0.049 ,0.000 ,232.630,0.840,0.000,-
267,03-May-2019 18:30:00,,,,,0.044,0.000,0.055 ,0.000 ,232.350,0.930,0.000,-
268,03-May-2019 18:45:00,,,,,0.044,0.000,0.055 ,0.000 ,233.590,0.940,0.000,-
269,03-May-2019 19:00:00,,,,,0.046,0.000,0.057 ,0.000 ,234.770,0.970,0.000,-
270,03-May-2019 19:15:00,,,,,0.037,0.000,0.055 ,0.000 ,235.430,0.930,0.000,-
271,03-May-2019 19:30:00,,,,,0.052,0.000,0.064 ,0.000 ,235.080,1.080,0.000,-
272,03-May-2019 19:45:00,,,,,0.053,0.000,0.065 ,0.000 ,236.070,1.090,0.000,-
273,03-May-2019 20:00:00,,,,,0.054,0.000,0.064 ,0.000 ,235.980,1.090,0.000,-
274,03-May-2019 20:15:00,,,,,0.053,0.000,0.064 ,0.000 ,235.310,1.080,0.000,-
275,03-May-2019 20:30:00,,,,,0.053,0.000,0.063 ,0.000 ,232.950,1.070,0.000,-
276,03-May-2019 20:45:00,,,,,0.053,0.000,0.064 ,0.000 ,232.960,1.080,0.000,-
277,03-May-2019 21:00:00,,,,,0.052,0.000,0.062 ,0.000 ,231.420,1.070,0.000,-
278,03-May-2019 21:15:00,,,,,0.052,0.000,0.062 ,0.000 ,229.950,1.070,0.000,-
279,03-May-2019 21:30:00,,,,,0.051,0.000,0.062 ,0.000 ,226.590,1.070,0.000,-
280,03-May-2019 21:45:00,,,,,0.052,0.000,0.061 ,0.000 ,227.880,1.070,0.000,-
281,03-May-2019 22:00:00,,,,,0.051,0.000,0.061 ,0.000 ,226.990,1.070,0.000,-
282,03-May-2019 22:15:00,,,,,0.052,0.000,0.061 ,0.000 ,225.940,1.070,0.000,-
283,03-May-2019 22:30:00,,,,,0.052,0.000,0.065 ,0.000 ,226.070,1.150,0.000,-
284,03-May-2019 22:45:00,,,,,0.076,0.000,0.096 ,0.000 ,224.770,1.700,0.000,-
285,03-May-2019 23:00:00,,,,,0.074,0.000,0.093 ,0.000 ,225.900,1.660,0.000,-
286,03-May-2019 23:15:00,,,,,0.074,0.000,0.093 ,0.000 ,225.230,1.650,0.000,-
287,03-May-2019 23:30:00,,,,,0.070,0.000,0.091 ,0.000 ,226.210,1.590,0.000,-
288,03-May-2019 23:45:00,,,,,0.086,0.000,0.100 ,0.000 ,226.840,1.760,0.000,-
289,04-May-2019 00:00:00,,,,,0.088,0.000,0.102 ,0.000 ,229.760,1.780,0.000,-
290,04-May-2019 00:15:00,,,,,0.084,0.000,0.101 ,0.000 ,231.040,1.730,0.000,-
291,04-May-2019 00:30:00,,,,,0.083,0.000,0.100 ,0.000 ,231.310,1.730,0.000,-
292,04-May-2019 00:45:00,,,,,0.084,0.000,0.101 ,0.000 ,231.250,1.730,0.000,-
293,04-May-2019 01:00:00,,,,,0.084,0.000,0.100 ,0.000 ,231.040,1.730,0.000,-
294,04-May-2019 01:15:00,,,,,0.085,0.000,0.101 ,0.000 ,232.180,1.730,0.000,-
295,04-May-2019 01:30:00,,,,,0.084,0.000,0.101 ,0.000 ,232.880,1.730,0.000,-
296,04-May-2019 01:45:00,,,,,0.083,0.000,0.102 ,0.000 ,233.980,1.720,0.000,-
297,04-May-2019 02:00:00,,,,,0.083,0.000,0.101 ,0.000 ,235.300,1.720,0.000,-
298,04-May-2019 02:15:00,,,,,0.083,0.000,0.101 ,0.000 ,235.930,1.710,0.000,-
299,04-May-2019 02:30:00,,,,,0.083,0.000,0.102 ,0.000 ,237.460,1.710,0.000,-
300,04-May-2019 02:45:00,,,,,0.082,0.000,0.102 ,0.000 ,237.940,1.710,0.000,-
301,04-May-2019 03:00:00,,,,,0.083,0.000,0.102 ,0.000 ,238.170,1.710,0.000,-
302,04-May-2019 03:15:00,,,,,0.083,0.000,0.103 ,0.000 ,239.240,1.710,0.000,-
303,04-May-2019 03:30:00,,,,,0.083,0.000,0.103 ,0.000 ,238.590,1.710,0.000,-
304,04-May-2019 03:45:00,,,,,0.083,0.000,0.103 ,0.000 ,239.280,1.710,0.000,-
305,04-May-2019 04:00:00,,,,,0.083,0.000,0.103 ,0.000 ,239.280,1.710,0.000,-
306,04-May-2019 04:15:00,,,,,0.083,0.000,0.103 ,0.000 ,240.020,1.710,0.000,-
307,04-May-2019 04:30:00,,,,,0.084,0.000,0.104 ,0.000 ,240.670,1.720,0.000,-
308,04-May-2019 04:45:00,,,,,0.083,0.000,0.104 ,0.000 ,241.320,1.720,0.000,-
309,04-May-2019 05:00:00,,,,,0.082,0.000,0.103 ,0.000 ,240.050,1.720,0.000,-
310,04-May-2019 05:15:00,,,,,0.083,0.000,0.103 ,0.000 ,239.810,1.710,0.000,-
311,04-May-2019 05:30:00,,,,,0.082,0.000,0.103 ,0.000 ,239.230,1.710,0.000,-
312,04-May-2019 05:45:00,,,,,0.083,0.000,0.102 ,0.000 ,239.320,1.710,0.000,-
313,04-May-2019 06:00:00,,,,,0.083,0.000,0.103 ,0.000 ,239.710,1.710,0.000,-
314,04-May-2019 06:15:00,,,,,0.083,0.000,0.103 ,0.000 ,239.880,1.710,0.000,-
315,04-May-2019 06:30:00,,,,,0.083,0.000,0.103 ,0.000 ,239.880,1.710,0.000,-
316,04-May-2019 06:45:00,,,,,0.077,0.000,0.100 ,0.000 ,238.830,1.650,0.000,-
317,04-May-2019 07:00:00,,,,,0.066,0.000,0.091 ,0.000 ,237.570,1.540,0.000,-
318,04-May-2019 07:15:00,,,,,0.066,0.000,0.093 ,0.000 ,238.820,1.550,0.000,-
319,04-May-2019 07:30:00,,,,,0.096,0.000,0.120 ,0.000 ,238.780,2.000,0.000,-
320,04-May-2019 07:45:00,,,,,0.067,0.000,0.092 ,0.000 ,238.490,1.550,0.000,-
321,04-May-2019 08:00:00,,,,,0.066,0.000,0.092 ,0.000 ,237.110,1.550,0.000,-
322,04-May-2019 08:15:00,,,,,0.057,0.000,0.081 ,0.000 ,236.550,1.360,0.000,-
323,04-May-2019 08:30:00,,,,,0.053,0.000,0.078 ,0.000 ,235.410,1.310,0.000,-
324,04-May-2019 08:45:00,,,,,0.067,0.000,0.090 ,0.000 ,234.150,1.550,0.000,-
325,04-May-2019 09:00:00,,,,,0.108,0.000,0.128 ,0.000 ,233.360,2.200,0.000,-
326,04-May-2019 09:15:00,,,,,0.089,0.000,0.104 ,0.000 ,231.750,1.790,0.000,-
327,04-May-2019 09:30:00,,,,,0.040,0.000,0.051 ,0.000 ,228.530,0.890,0.000,-
328,04-May-2019 09:45:00,,,,,0.039,0.000,0.048 ,0.000 ,213.920,0.870,0.000,-
329,04-May-2019 10:00:00,,,,,0.033,0.000,0.041 ,0.000 ,206.420,0.800,0.000,-
330,04-May-2019 10:15:00,,,,,0.021,0.000,0.035 ,0.000 ,206.920,0.670,0.000,-
331,04-May-2019 10:30:00,,,,,0.022,0.000,0.038 ,0.000 ,215.380,0.700,0.000,-
332,04-May-2019 10:45:00,,,,,0.030,0.000,0.044 ,0.000 ,222.310,0.790,0.000,-
333,04-May-2019 11:00:00,,,,,0.026,0.000,0.044 ,0.000 ,227.520,0.760,0.000,-
334,04-May-2019 11:15:00,,,,,0.026,0.000,0.044 ,0.000 ,227.180,0.760,0.000,-
335,04-May-2019 11:30:00,,,,,0.026,0.000,0.044 ,0.000 ,226.600,0.760,0.000,-
336,04-May-2019 11:45:00,,,,,0.050,0.000,0.060 ,0.000 ,226.960,1.060,0.000,-
337,04-May-2019 12:00:00,,,,,0.052,0.000,0.062 ,0.000 ,228.840,1.070,0.000,-
338,04-May-2019 12:15:00,,,,,0.052,0.000,0.062 ,0.000 ,231.290,1.080,0.000,-
339,04-May-2019 12:30:00,,,,,0.051,0.000,0.063 ,0.000 ,231.040,1.070,0.000,-
340,04-May-2019 12:45:00,,,,,0.052,0.000,0.062 ,0.000 ,231.940,1.080,0.000,-
341,04-May-2019 13:00:00,,,,,0.052,0.000,0.063 ,0.000 ,231.670,1.080,0.000,-
342,04-May-2019 13:15:00,,,,,0.053,0.000,0.064 ,0.000 ,232.760,1.080,0.000,-
343,04-May-2019 13:30:00,,,,,0.052,0.000,0.063 ,0.000 ,234.180,1.080,0.000,-
344,04-May-2019 13:45:00,,,,,0.054,0.000,0.064 ,0.000 ,234.230,1.090,0.000,-
345,04-May-2019 14:00:00,,,,,0.052,0.000,0.064 ,0.000 ,233.560,1.080,0.000,-
346,04-May-2019 14:15:00,,,,,0.052,0.000,0.063 ,0.000 ,231.460,1.080,0.000,-
347,04-May-2019 14:30:00,,,,,0.052,0.000,0.062 ,0.000 ,231.020,1.070,0.000,-
348,04-May-2019 14:45:00,,,,,0.052,0.000,0.063 ,0.000 ,231.830,1.080,0.000,-
349,04-May-2019 15:00:00,,,,,0.052,0.000,0.062 ,0.000 ,232.830,1.070,0.000,-
350,04-May-2019 15:15:00,,,,,0.050,0.000,0.063 ,0.000 ,233.500,1.060,0.000,-
351,04-May-2019 15:30:00,,,,,0.050,0.000,0.061 ,0.000 ,231.710,1.060,0.000,-
352,04-May-2019 15:45:00,,,,,0.050,0.000,0.062 ,0.000 ,232.320,1.050,0.000,-
353,04-May-2019 16:00:00,,,,,0.044,0.000,0.056 ,0.000 ,234.220,0.960,0.000,-
354,04-May-2019 16:15:00,,,,,0.041,0.000,0.054 ,0.000 ,234.590,0.910,0.000,-
355,04-May-2019 16:30:00,,,,,0.041,0.000,0.054 ,0.000 ,234.170,0.910,0.000,-
356,04-May-2019 16:45:00,,,,,0.041,0.000,0.053 ,0.000 ,232.530,0.900,0.000,-
357,04-May-2019 17:00:00,,,,,0.042,0.000,0.054 ,0.000 ,233.300,0.920,0.000,-
358,04-May-2019 17:15:00,,,,,0.044,0.000,0.056 ,0.000 ,233.290,0.940,0.000,-
359,04-May-2019 17:30:00,,,,,0.043,0.000,0.055 ,0.000 ,232.520,0.940,0.000,-
360,04-May-2019 17:45:00,,,,,0.044,0.000,0.055 ,0.000 ,232.250,0.940,0.000,-
361,04-May-2019 18:00:00,,,,,0.050,0.000,0.061 ,0.000 ,234.740,1.040,0.000,-
362,04-May-2019 18:15:00,,,,,0.052,0.000,0.064 ,0.000 ,234.620,1.080,0.000,-
363,04-May-2019 18:30:00,,,,,0.053,0.000,0.064 ,0.000 ,234.060,1.080,0.000,-
364,04-May-2019 18:45:00,,,,,0.051,0.000,0.060 ,0.000 ,226.940,1.060,0.000,-
365,04-May-2019 19:00:00,,,,,0.052,0.000,0.063 ,0.000 ,230.640,1.070,0.000,-
366,04-May-2019 19:15:00,,,,,0.052,0.000,0.062 ,0.000 ,232.690,1.070,0.000,-
367,04-May-2019 19:30:00,,,,,0.052,0.000,0.063 ,0.000 ,231.890,1.070,0.000,-
368,04-May-2019 19:45:00,,,,,0.053,0.000,0.063 ,0.000 ,232.120,1.080,0.000,-
369,04-May-2019 20:00:00,,,,,0.042,0.000,0.057 ,0.000 ,231.880,0.980,0.000,-
370,04-May-2019 20:15:00,,,,,0.036,0.000,0.054 ,0.000 ,232.960,0.910,0.000,-
371,04-May-2019 20:30:00,,,,,0.052,0.000,0.063 ,0.000 ,232.930,1.080,0.000,-
372,04-May-2019 20:45:00,,,,,0.052,0.000,0.063 ,0.000 ,232.050,1.070,0.000,-
373,04-May-2019 21:00:00,,,,,0.052,0.000,0.063 ,0.000 ,232.220,1.070,0.000,-
374,04-May-2019 21:15:00,,,,,0.052,0.000,0.062 ,0.000 ,231.060,1.080,0.000,-
375,04-May-2019 21:30:00,,,,,0.052,0.000,0.063 ,0.000 ,232.550,1.080,0.000,-
376,04-May-2019 21:45:00,,,,,0.053,0.000,0.064 ,0.000 ,232.380,1.090,0.000,-
377,04-May-2019 22:00:00,,,,,0.053,0.000,0.063 ,0.000 ,232.780,1.080,0.000,-
378,04-May-2019 22:15:00,,,,,0.052,0.000,0.063 ,0.000 ,231.010,1.080,0.000,-
379,04-May-2019 22:30:00,,,,,0.052,0.000,0.062 ,0.000 ,230.910,1.080,0.000,-
380,04-May-2019 22:45:00,,,,,0.052,0.000,0.064 ,0.000 ,231.390,1.080,0.000,-
381,04-May-2019 23:00:00,,,,,0.052,0.000,0.061 ,0.000 ,227.110,1.070,0.000,-
382,04-May-2019 23:15:00,,,,,0.051,0.000,0.060 ,0.000 ,226.100,1.070,0.000,-
383,04-May-2019 23:30:00,,,,,0.089,0.000,0.104 ,0.000 ,225.960,1.830,0.000,-
384,04-May-2019 23:45:00,,,,,0.091,0.000,0.106 ,0.000 ,226.970,1.860,0.000,-
385,05-May-2019 00:00:00,,,,,0.091,0.000,0.106 ,0.000 ,227.150,1.860,0.000,-
386,05-May-2019 00:15:00,,,,,0.089,0.000,0.104 ,0.000 ,226.880,1.830,0.000,-
387,05-May-2019 00:30:00,,,,,0.080,0.000,0.097 ,0.000 ,229.290,1.680,0.000,-
388,05-May-2019 00:45:00,,,,,0.080,0.000,0.098 ,0.000 ,230.360,1.690,0.000,-
389,05-May-2019 01:00:00,,,,,0.080,0.000,0.097 ,0.000 ,230.100,1.680,0.000,-
390,05-May-2019 01:15:00,,,,,0.080,0.000,0.098 ,0.000 ,231.340,1.690,0.000,-
391,05-May-2019 01:30:00,,,,,0.081,0.000,0.098 ,0.000 ,232.630,1.690,0.000,-
392,05-May-2019 01:45:00,,,,,0.080,0.000,0.098 ,0.000 ,231.740,1.690,0.000,-
393,05-May-2019 02:00:00,,,,,0.081,0.000,0.099 ,0.000 ,232.940,1.690,0.000,-
394,05-May-2019 02:15:00,,,,,0.080,0.000,0.099 ,0.000 ,233.500,1.690,0.000,-
395,05-May-2019 02:30:00,,,,,0.080,0.000,0.099 ,0.000 ,234.220,1.690,0.000,-
396,05-May-2019 02:45:00,,,,,0.081,0.000,0.100 ,0.000 ,236.330,1.690,0.000,-
397,05-May-2019 03:00:00,,,,,0.082,0.000,0.102 ,0.000 ,237.450,1.700,0.000,-
398,05-May-2019 03:15:00,,,,,0.082,0.000,0.101 ,0.000 ,237.660,1.700,0.000,-
399,05-May-2019 03:30:00,,,,,0.081,0.000,0.102 ,0.000 ,238.440,1.700,0.000,-
400,05-May-2019 03:45:00,,,,,0.082,0.000,0.102 ,0.000 ,239.250,1.710,0.000,-
401,05-May-2019 04:00:00,,,,,0.082,0.000,0.103 ,0.000 ,239.330,1.710,0.000,-
402,05-May-2019 04:15:00,,,,,0.083,0.000,0.103 ,0.000 ,239.730,1.720,0.000,-
403,05-May-2019 04:30:00,,,,,0.083,0.000,0.103 ,0.000 ,238.950,1.710,0.000,-
404,05-May-2019 04:45:00,,,,,0.083,0.000,0.103 ,0.000 ,240.260,1.720,0.000,-
405,05-May-2019 05:00:00,,,,,0.083,0.000,0.104 ,0.000 ,241.860,1.720,0.000,-
406,05-May-2019 05:15:00,,,,,0.083,0.000,0.104 ,0.000 ,241.090,1.720,0.000,-
407,05-May-2019 05:30:00,,,,,0.082,0.000,0.104 ,0.000 ,241.150,1.720,0.000,-
408,05-May-2019 05:45:00,,,,,0.083,0.000,0.104 ,0.000 ,241.970,1.720,0.000,-
409,05-May-2019 06:00:00,,,,,0.083,0.000,0.105 ,0.000 ,242.070,1.720,0.000,-
410,05-May-2019 06:15:00,,,,,0.082,0.000,0.103 ,0.000 ,241.310,1.710,0.000,-
411,05-May-2019 06:30:00,,,,,0.083,0.000,0.103 ,0.000 ,240.270,1.710,0.000,-
412,05-May-2019 06:45:00,,,,,0.083,0.000,0.105 ,0.000 ,242.410,1.720,0.000,-
413,05-May-2019 07:00:00,,,,,0.082,0.000,0.104 ,0.000 ,241.600,1.710,0.000,-
414,05-May-2019 07:15:00,,,,,0.083,0.000,0.104 ,0.000 ,242.350,1.720,0.000,-
415,05-May-2019 07:30:00,,,,,0.083,0.000,0.105 ,0.000 ,242.720,1.720,0.000,-
416,05-May-2019 07:45:00,,,,,0.091,0.000,0.110 ,0.000 ,242.760,1.810,0.000,-
417,05-May-2019 08:00:00,,,,,0.095,0.000,0.114 ,0.000 ,243.340,1.870,0.000,-
418,05-May-2019 08:15:00,,,,,0.054,0.000,0.072 ,0.000 ,241.650,1.180,0.000,-
419,05-May-2019 08:30:00,,,,,0.034,0.000,0.055 ,0.000 ,242.000,0.910,0.000,-
420,05-May-2019 08:45:00,,,,,0.026,0.000,0.051 ,0.000 ,242.490,0.830,0.000,-
421,05-May-2019 09:00:00,,,,,0.025,0.000,0.051 ,0.000 ,241.430,0.830,0.000,-
422,05-May-2019 09:15:00,,,,,0.026,0.000,0.050 ,0.000 ,242.010,0.830,0.000,-
423,05-May-2019 09:30:00,,,,,0.025,0.000,0.049 ,0.000 ,239.540,0.810,0.000,-
424,05-May-2019 09:45:00,,,,,0.025,0.000,0.048 ,0.000 ,238.580,0.810,0.000,-
425,05-May-2019 10:00:00,,,,,0.025,0.000,0.049 ,0.000 ,238.480,0.810,0.000,-
426,05-May-2019 10:15:00,,,,,0.026,0.000,0.049 ,0.000 ,239.280,0.810,0.000,-
427,05-May-2019 10:30:00,,,,,0.025,0.000,0.049 ,0.000 ,238.550,0.810,0.000,-
428,05-May-2019 10:45:00,,,,,0.025,0.000,0.048 ,0.000 ,238.980,0.810,0.000,-
429,05-May-2019 11:00:00,,,,,0.026,0.000,0.049 ,0.000 ,239.390,0.810,0.000,-
430,05-May-2019 11:15:00,,,,,0.025,0.000,0.050 ,0.000 ,239.960,0.820,0.000,-
431,05-May-2019 11:30:00,,,,,0.026,0.000,0.049 ,0.000 ,240.310,0.820,0.000,-
432,05-May-2019 11:45:00,,,,,0.026,0.000,0.050 ,0.000 ,240.210,0.820,0.000,-
433,05-May-2019 12:00:00,,,,,0.052,0.000,0.065 ,0.000 ,239.910,1.080,0.000,-
434,05-May-2019 12:15:00,,,,,0.051,0.000,0.065 ,0.000 ,240.000,1.070,0.000,-
435,05-May-2019 12:30:00,,,,,0.051,0.000,0.063 ,0.000 ,238.130,1.060,0.000,-
436,05-May-2019 12:45:00,,,,,0.051,0.000,0.063 ,0.000 ,237.180,1.050,0.000,-
437,05-May-2019 13:00:00,,,,,0.042,0.000,0.055 ,0.000 ,237.220,0.930,0.000,-
438,05-May-2019 13:15:00,,,,,0.037,0.000,0.054 ,0.000 ,238.550,0.890,0.000,-
439,05-May-2019 13:30:00,,,,,0.024,0.000,0.048 ,0.000 ,237.110,0.800,0.000,-
440,05-May-2019 13:45:00,,,,,0.036,0.000,0.053 ,0.000 ,236.410,0.890,0.000,-
441,05-May-2019 14:00:00,,,,,0.051,0.000,0.063 ,0.000 ,236.150,1.060,0.000,-
442,05-May-2019 14:15:00,,,,,0.051,0.000,0.062 ,0.000 ,237.090,1.050,0.000,-
443,05-May-2019 14:30:00,,,,,0.050,0.000,0.063 ,0.000 ,237.040,1.050,0.000,-
444,05-May-2019 14:45:00,,,,,0.050,0.000,0.062 ,0.000 ,235.850,1.040,0.000,-
445,05-May-2019 15:00:00,,,,,0.050,0.000,0.061 ,0.000 ,235.480,1.030,0.000,-
446,05-May-2019 15:15:00,,,,,0.067,0.000,0.088 ,0.000 ,233.920,1.500,0.000,-
447,05-May-2019 15:30:00,,,,,0.082,0.000,0.101 ,0.000 ,234.240,1.710,0.000,-
448,05-May-2019 15:45:00,,,,,0.081,0.000,0.100 ,0.000 ,234.400,1.700,0.000,-
449,05-May-2019 16:00:00,,,,,0.081,0.000,0.100 ,0.000 ,233.950,1.690,0.000,-
450,05-May-2019 16:15:00,,,,,0.082,0.000,0.099 ,0.000 ,234.000,1.690,0.000,-
451,05-May-2019 16:30:00,,,,,0.081,0.000,0.100 ,0.000 ,232.970,1.700,0.000,-
452,05-May-2019 16:45:00,,,,,0.078,0.000,0.095 ,0.000 ,233.500,1.630,0.000,-
453,05-May-2019 17:00:00,,,,,0.047,0.000,0.059 ,0.000 ,234.310,0.990,0.000,-
454,05-May-2019 17:15:00,,,,,0.053,0.000,0.064 ,0.000 ,235.240,1.080,0.000,-
455,05-May-2019 17:30:00,,,,,0.053,0.000,0.063 ,0.000 ,234.420,1.080,0.000,-
456,05-May-2019 17:45:00,,,,,0.052,0.000,0.063 ,0.000 ,232.910,1.080,0.000,-
457,05-May-2019 18:00:00,,,,,0.051,0.000,0.062 ,0.000 ,234.200,1.050,0.000,-
458,05-May-2019 18:15:00,,,,,0.027,0.000,0.047 ,0.000 ,234.220,0.790,0.000,-
459,05-May-2019 18:30:00,,,,,0.026,0.000,0.047 ,0.000 ,234.310,0.790,0.000,-
460,05-May-2019 18:45:00,,,,,0.037,0.000,0.053 ,0.000 ,233.220,0.900,0.000,-
461,05-May-2019 19:00:00,,,,,0.052,0.000,0.063 ,0.000 ,234.340,1.070,0.000,-
462,05-May-2019 19:15:00,,,,,0.052,0.000,0.063 ,0.000 ,233.750,1.070,0.000,-
463,05-May-2019 19:30:00,,,,,0.053,0.000,0.063 ,0.000 ,232.730,1.070,0.000,-
464,05-May-2019 19:45:00,,,,,0.051,0.000,0.062 ,0.000 ,232.090,1.070,0.000,-
465,05-May-2019 20:00:00,,,,,0.053,0.000,0.063 ,0.000 ,233.400,1.070,0.000,-
466,05-May-2019 20:15:00,,,,,0.052,0.000,0.064 ,0.000 ,234.210,1.080,0.000,-
467,05-May-2019 20:30:00,,,,,0.039,0.000,0.054 ,0.000 ,234.740,0.920,0.000,-
468,05-May-2019 20:45:00,,,,,0.026,0.000,0.047 ,0.000 ,233.920,0.800,0.000,-
469,05-May-2019 21:00:00,,,,,0.027,0.000,0.047 ,0.000 ,233.690,0.790,0.000,-
470,05-May-2019 21:15:00,,,,,0.026,0.000,0.047 ,0.000 ,233.120,0.790,0.000,-
471,05-May-2019 21:30:00,,,,,0.027,0.000,0.046 ,0.000 ,233.260,0.790,0.000,-
472,05-May-2019 21:45:00,,,,,0.027,0.000,0.047 ,0.000 ,232.290,0.790,0.000,-
473,05-May-2019 22:00:00,,,,,0.040,0.000,0.054 ,0.000 ,232.890,0.930,0.000,-
474,05-May-2019 22:15:00,,,,,0.050,0.000,0.062 ,0.000 ,232.490,1.070,0.000,-
475,05-May-2019 22:30:00,,,,,0.052,0.000,0.063 ,0.000 ,231.770,1.070,0.000,-
476,05-May-2019 22:45:00,,,,,0.051,0.000,0.062 ,0.000 ,230.890,1.070,0.000,-
477,05-May-2019 23:00:00,,,,,0.052,0.000,0.063 ,0.000 ,230.530,1.070,0.000,-
478,05-May-2019 23:15:00,,,,,0.052,0.000,0.062 ,0.000 ,231.360,1.070,0.000,-
479,05-May-2019 23:30:00,,,,,0.060,0.000,0.078 ,0.000 ,231.770,1.340,0.000,-
480,05-May-2019 23:45:00,,,,,0.093,0.000,0.109 ,0.000 ,230.280,1.880,0.000,-
481,06-May-2019 00:00:00,,,,,0.092,0.000,0.107 ,0.000 ,231.020,1.850,0.000,-
482,06-May-2019 00:15:00,,,,,0.085,0.000,0.102 ,0.000 ,231.000,1.760,0.000,-
483,06-May-2019 00:30:00,,,,,0.082,0.000,0.098 ,0.000 ,230.960,1.680,0.000,-
484,06-May-2019 00:45:00,,,,,0.082,0.000,0.097 ,0.000 ,231.480,1.680,0.000,-
485,06-May-2019 01:00:00,,,,,0.082,0.000,0.099 ,0.000 ,232.580,1.680,0.000,-
486,06-May-2019 01:15:00,,,,,0.082,0.000,0.099 ,0.000 ,232.970,1.680,0.000,-
487,06-May-2019 01:30:00,,,,,0.082,0.000,0.098 ,0.000 ,233.590,1.690,0.000,-
488,06-May-2019 01:45:00,,,,,0.082,0.000,0.099 ,0.000 ,234.140,1.680,0.000,-
489,06-May-2019 02:00:00,,,,,0.083,0.000,0.100 ,0.000 ,234.900,1.690,0.000,-
490,06-May-2019 02:15:00,,,,,0.082,0.000,0.099 ,0.000 ,234.630,1.680,0.000,-
491,06-May-2019 02:30:00,,,,,0.082,0.000,0.100 ,0.000 ,234.960,1.680,0.000,-
492,06-May-2019 02:45:00,,,,,0.081,0.000,0.099 ,0.000 ,235.730,1.680,0.000,-
493,06-May-2019 03:00:00,,,,,0.083,0.000,0.100 ,0.000 ,236.210,1.680,0.000,-
494,06-May-2019 03:15:00,,,,,0.081,0.000,0.099 ,0.000 ,235.330,1.680,0.000,-
495,06-May-2019 03:30:00,,,,,0.082,0.000,0.100 ,0.000 ,236.020,1.680,0.000,-
496,06-May-2019 03:45:00,,,,,0.082,0.000,0.099 ,0.000 ,235.810,1.680,0.000,-
497,06-May-2019 04:00:00,,,,,0.082,0.000,0.100 ,0.000 ,236.420,1.680,0.000,-
498,06-May-2019 04:15:00,,,,,0.082,0.000,0.100 ,0.000 ,236.880,1.680,0.000,-
499,06-May-2019 04:30:00,,,,,0.082,0.000,0.100 ,0.000 ,236.760,1.680,0.000,-
500,06-May-2019 04:45:00,,,,,0.082,0.000,0.100 ,0.000 ,237.390,1.680,0.000,-
501,06-May-2019 05:00:00,,,,,0.082,0.000,0.100 ,0.000 ,236.930,1.680,0.000,-
502,06-May-2019 05:15:00,,,,,0.082,0.000,0.100 ,0.000 ,236.880,1.680,0.000,-
503,06-May-2019 05:30:00,,,,,0.081,0.000,0.099 ,0.000 ,237.080,1.680,0.000,-
504,06-May-2019 05:45:00,,,,,0.083,0.000,0.101 ,0.000 ,237.060,1.690,0.000,-
505,06-May-2019 06:00:00,,,,,0.085,0.000,0.102 ,0.000 ,236.690,1.720,0.000,-
506,06-May-2019 06:15:00,,,,,0.086,0.000,0.103 ,0.000 ,238.220,1.720,0.000,-
507,06-May-2019 06:30:00,,,,,0.061,0.000,0.079 ,0.000 ,237.210,1.340,0.000,-
508,06-May-2019 06:45:00,,,,,0.025,0.000,0.047 ,0.000 ,238.420,0.770,0.000,-
509,06-May-2019 07:00:00,,,,,0.024,0.000,0.046 ,0.000 ,238.180,0.770,0.000,-
510,06-May-2019 07:15:00,,,,,0.025,0.000,0.046 ,0.000 ,238.100,0.770,0.000,-
511,06-May-2019 07:30:00,,,,,0.025,0.000,0.047 ,0.000 ,238.230,0.770,0.000,-
512,06-May-2019 07:45:00,,,,,0.025,0.000,0.046 ,0.000 ,238.030,0.770,0.000,-
513,06-May-2019 08:00:00,,,,,0.025,0.000,0.046 ,0.000 ,237.810,0.770,0.000,-
514,06-May-2019 08:15:00,,,,,0.025,0.000,0.046 ,0.000 ,237.410,0.770,0.000,-
515,06-May-2019 08:30:00,,,,,0.024,0.000,0.045 ,0.000 ,236.050,0.760,0.000,-
516,06-May-2019 08:45:00,,,,,0.040,0.000,0.055 ,0.000 ,234.460,0.930,0.000,-
517,06-May-2019 09:00:00,,,,,0.052,0.000,0.064 ,0.000 ,232.300,1.080,0.000,-
518,06-May-2019 09:15:00,,,,,0.040,0.000,0.055 ,0.000 ,229.170,0.960,0.000,-
519,06-May-2019 09:30:00,,,,,0.043,0.000,0.056 ,0.000 ,226.520,0.980,0.000,-
520,06-May-2019 09:45:00,,,,,0.049,0.000,0.058 ,0.000 ,221.050,1.050,0.000,-
521,06-May-2019 10:00:00,,,,,0.050,0.000,0.059 ,0.000 ,221.950,1.050,0.000,-
522,06-May-2019 10:15:00,,,,,0.051,0.000,0.060 ,0.000 ,227.340,1.060,0.000,-
523,06-May-2019 10:30:00,,,,,0.044,0.000,0.058 ,0.000 ,229.960,0.990,0.000,-
524,06-May-2019 10:45:00,,,,,0.034,0.000,0.050 ,0.000 ,225.540,0.890,0.000,-
525,06-May-2019 11:00:00,,,,,0.033,0.000,0.049 ,0.000 ,223.500,0.870,0.000,-
526,06-May-2019 11:15:00,,,,,0.026,0.000,0.045 ,0.000 ,229.750,0.770,0.000,-
527,06-May-2019 11:30:00,,,,,0.025,0.000,0.043 ,0.000 ,226.230,0.760,0.000,-
528,06-May-2019 11:45:00,,,,,0.025,0.000,0.039 ,0.000 ,215.990,0.720,0.000,-
529,06-May-2019 12:00:00,,,,,0.024,0.000,0.040 ,0.000 ,218.900,0.730,0.000,-
530,06-May-2019 12:15:00,,,,,0.025,0.000,0.043 ,0.000 ,223.580,0.750,0.000,-
531,06-May-2019 12:30:00,,,,,0.025,0.000,0.040 ,0.000 ,218.820,0.730,0.000,-
532,06-May-2019 12:45:00,,,,,0.026,0.000,0.045 ,0.000 ,228.990,0.770,0.000,-
533,06-May-2019 13:00:00,,,,,0.026,0.000,0.045 ,0.000 ,231.260,0.780,0.000,-
534,06-May-2019 13:15:00,,,,,0.026,0.000,0.046 ,0.000 ,232.350,0.790,0.000,-
535,06-May-2019 13:30:00,,,,,0.036,0.000,0.054 ,0.000 ,233.470,0.910,0.000,-
536,06-May-2019 13:45:00,,,,,0.036,0.000,0.054 ,0.000 ,234.440,0.920,0.000,-
537,06-May-2019 14:00:00,,,,,0.035,0.000,0.053 ,0.000 ,232.760,0.910,0.000,-
538,06-May-2019 14:15:00,,,,,0.040,0.000,0.053 ,0.000 ,231.530,0.910,0.000,-
539,06-May-2019 14:30:00,,,,,0.039,0.000,0.052 ,0.000 ,230.130,0.890,0.000,-
540,06-May-2019 14:45:00,,,,,0.039,0.000,0.051 ,0.000 ,229.180,0.890,0.000,-
541,06-May-2019 15:00:00,,,,,0.040,0.000,0.051 ,0.000 ,227.990,0.890,0.000,-
542,06-May-2019 15:15:00,,,,,0.040,0.000,0.052 ,0.000 ,230.980,0.900,0.000,-
543,06-May-2019 15:30:00,,,,,0.039,0.000,0.053 ,0.000 ,231.210,0.900,0.000,-
544,06-May-2019 15:45:00,,,,,0.040,0.000,0.052 ,0.000 ,230.440,0.900,0.000,-
545,06-May-2019 16:00:00,,,,,0.040,0.000,0.051 ,0.000 ,230.350,0.890,0.000,-
546,06-May-2019 16:15:00,,,,,0.040,0.000,0.052 ,0.000 ,230.100,0.890,0.000,-
547,06-May-2019 16:30:00,,,,,0.040,0.000,0.052 ,0.000 ,230.550,0.890,0.000,-
548,06-May-2019 16:45:00,,,,,0.040,0.000,0.052 ,0.000 ,230.770,0.890,0.000,-
549,06-May-2019 17:00:00,,,,,0.039,0.000,0.052 ,0.000 ,230.280,0.890,0.000,-
550,06-May-2019 17:15:00,,,,,0.040,0.000,0.052 ,0.000 ,231.500,0.900,0.000,-
551,06-May-2019 17:30:00,,,,,0.040,0.000,0.052 ,0.000 ,230.480,0.900,0.000,-
552,06-May-2019 17:45:00,,,,,0.044,0.000,0.054 ,0.000 ,232.040,0.930,0.000,-
553,06-May-2019 18:00:00,,,,,0.046,0.000,0.058 ,0.000 ,232.370,0.990,0.000,-
554,06-May-2019 18:15:00,,,,,0.052,0.000,0.064 ,0.000 ,233.720,1.080,0.000,-
555,06-May-2019 18:30:00,,,,,0.027,0.000,0.047 ,0.000 ,234.800,0.800,0.000,-
556,06-May-2019 18:45:00,,,,,0.026,0.000,0.048 ,0.000 ,235.270,0.810,0.000,-
557,06-May-2019 19:00:00,,,,,0.027,0.000,0.048 ,0.000 ,236.520,0.810,0.000,-
558,06-May-2019 19:15:00,,,,,0.027,0.000,0.048 ,0.000 ,235.710,0.800,0.000,-
559,06-May-2019 19:30:00,,,,,0.029,0.000,0.049 ,0.000 ,233.440,0.830,0.000,-
560,06-May-2019 19:45:00,,,,,0.035,0.000,0.053 ,0.000 ,232.850,0.910,0.000,-
561,06-May-2019 20:00:00,,,,,0.045,0.000,0.060 ,0.000 ,235.630,1.010,0.000,-
562,06-May-2019 20:15:00,,,,,0.053,0.000,0.064 ,0.000 ,236.370,1.080,0.000,-
563,06-May-2019 20:30:00,,,,,0.053,0.000,0.065 ,0.000 ,237.100,1.090,0.000,-
564,06-May-2019 20:45:00,,,,,0.053,0.000,0.065 ,0.000 ,236.580,1.090,0.000,-
565,06-May-2019 21:00:00,,,,,0.033,0.000,0.053 ,0.000 ,237.620,0.880,0.000,-
566,06-May-2019 21:15:00,,,,,0.027,0.000,0.048 ,0.000 ,237.400,0.810,0.000,-
567,06-May-2019 21:30:00,,,,,0.050,0.000,0.063 ,0.000 ,237.310,1.060,0.000,-
568,06-May-2019 21:45:00,,,,,0.053,0.000,0.065 ,0.000 ,237.580,1.090,0.000,-
569,06-May-2019 22:00:00,,,,,0.054,0.000,0.066 ,0.000 ,237.840,1.090,0.000,-
570,06-May-2019 22:15:00,,,,,0.054,0.000,0.066 ,0.000 ,236.640,1.110,0.000,-
571,06-May-2019 22:30:00,,,,,0.061,0.000,0.074 ,0.000 ,235.510,1.250,0.000,-
572,06-May-2019 22:45:00,,,,,0.095,0.000,0.112 ,0.000 ,233.710,1.910,0.000,-
573,06-May-2019 23:00:00,,,,,0.093,0.000,0.109 ,0.000 ,234.070,1.850,0.000,-
574,06-May-2019 23:15:00,,,,,0.090,0.000,0.107 ,0.000 ,233.920,1.830,0.000,-
575,06-May-2019 23:30:00,,,,,0.090,0.000,0.108 ,0.000 ,235.050,1.820,0.000,-
576,06-May-2019 23:45:00,,,,,0.091,0.000,0.108 ,0.000 ,235.030,1.820,0.000,-
577,07-May-2019 00:00:00,,,,,0.090,0.000,0.107 ,0.000 ,234.850,1.820,0.000,-
578,07-May-2019 00:15:00,,,,,0.090,0.000,0.107 ,0.000 ,234.640,1.820,0.000,-
579,07-May-2019 00:30:00,,,,,0.085,0.000,0.103 ,0.000 ,234.030,1.750,0.000,-
580,07-May-2019 00:45:00,,,,,0.081,0.000,0.099 ,0.000 ,232.590,1.690,0.000,-
581,07-May-2019 01:00:00,,,,,0.081,0.000,0.099 ,0.000 ,233.770,1.690,0.000,-
582,07-May-2019 01:15:00,,,,,0.081,0.000,0.100 ,0.000 ,234.160,1.690,0.000,-
583,07-May-2019 01:30:00,,,,,0.082,0.000,0.100 ,0.000 ,235.530,1.690,0.000,-
584,07-May-2019 01:45:00,,,,,0.081,0.000,0.100 ,0.000 ,236.440,1.700,0.000,-
585,07-May-2019 02:00:00,,,,,0.082,0.000,0.102 ,0.000 ,237.140,1.700,0.000,-
586,07-May-2019 02:15:00,,,,,0.083,0.000,0.102 ,0.000 ,238.840,1.710,0.000,-
587,07-May-2019 02:30:00,,,,,0.082,0.000,0.102 ,0.000 ,238.530,1.700,0.000,-
588,07-May-2019 02:45:00,,,,,0.082,0.000,0.102 ,0.000 ,238.670,1.700,0.000,-
589,07-May-2019 03:00:00,,,,,0.082,0.000,0.102 ,0.000 ,238.820,1.700,0.000,-
590,07-May-2019 03:15:00,,,,,0.082,0.000,0.102 ,0.000 ,239.460,1.700,0.000,-
591,07-May-2019 03:30:00,,,,,0.082,0.000,0.103 ,0.000 ,239.270,1.710,0.000,-
592,07-May-2019 03:45:00,,,,,0.083,0.000,0.103 ,0.000 ,239.930,1.710,0.000,-
593,07-May-2019 04:00:00,,,,,0.083,0.000,0.103 ,0.000 ,240.560,1.710,0.000,-
594,07-May-2019 04:15:00,,,,,0.083,0.000,0.104 ,0.000 ,240.330,1.710,0.000,-
595,07-May-2019 04:30:00,,,,,0.083,0.000,0.103 ,0.000 ,240.170,1.710,0.000,-
596,07-May-2019 04:45:00,,,,,0.083,0.000,0.104 ,0.000 ,240.340,1.710,0.000,-
597,07-May-2019 05:00:00,,,,,0.083,0.000,0.103 ,0.000 ,239.530,1.710,0.000,-
598,07-May-2019 05:15:00,,,,,0.083,0.000,0.103 ,0.000 ,240.280,1.720,0.000,-
599,07-May-2019 05:30:00,,,,,0.084,0.000,0.104 ,0.000 ,241.490,1.710,0.000,-
600,07-May-2019 05:45:00,,,,,0.083,0.000,0.104 ,0.000 ,240.750,1.710,0.000,-
601,07-May-2019 06:00:00,,,,,0.083,0.000,0.104 ,0.000 ,240.930,1.720,0.000,-
602,07-May-2019 06:15:00,,,,,0.083,0.000,0.104 ,0.000 ,241.710,1.720,0.000,-
603,07-May-2019 06:30:00,,,,,0.072,0.000,0.084 ,0.000 ,239.150,1.530,0.000,-
604,07-May-2019 06:45:00,,,,,0.079,0.000,0.092 ,0.000 ,237.210,1.550,0.000,-
605,07-May-2019 07:00:00,,,,,0.083,0.000,0.103 ,0.000 ,237.370,1.720,0.000,-
606,07-May-2019 07:15:00,,,,,0.062,0.000,0.083 ,0.000 ,237.490,1.400,0.000,-
607,07-May-2019 07:30:00,,,,,0.045,0.000,0.058 ,0.000 ,237.600,0.960,0.000,-
608,07-May-2019 07:45:00,,,,,0.044,0.000,0.057 ,0.000 ,237.290,0.960,0.000,-
609,07-May-2019 08:00:00,,,,,0.090,0.000,0.109 ,0.000 ,235.420,1.840,0.000,-
610,07-May-2019 08:15:00,,,,,0.092,0.000,0.109 ,0.000 ,233.420,1.870,0.000,-
611,07-May-2019 08:30:00,,,,,0.091,0.000,0.108 ,0.000 ,233.090,1.860,0.000,-
612,07-May-2019 08:45:00,,,,,0.088,0.000,0.106 ,0.000 ,232.700,1.810,0.000,-
613,07-May-2019 09:00:00,,,,,0.024,0.000,0.044 ,0.000 ,230.390,0.770,0.000,-
614,07-May-2019 09:15:00,,,,,0.022,0.000,0.044 ,0.000 ,228.170,0.750,0.000,-
615,07-May-2019 09:30:00,,,,,0.023,0.000,0.042 ,0.000 ,225.180,0.740,0.000,-
616,07-May-2019 09:45:00,,,,,0.022,0.000,0.041 ,0.000 ,224.910,0.740,0.000,-
617,07-May-2019 10:00:00,,,,,0.023,0.000,0.041 ,0.000 ,223.220,0.730,0.000,-
618,07-May-2019 10:15:00,,,,,0.022,0.000,0.041 ,0.000 ,223.040,0.730,0.000,-
619,07-May-2019 10:30:00,,,,,0.022,0.000,0.040 ,0.000 ,220.710,0.720,0.000,-
620,07-May-2019 10:45:00,,,,,0.022,0.000,0.040 ,0.000 ,221.430,0.720,0.000,-
621,07-May-2019 11:00:00,,,,,0.022,0.000,0.041 ,0.000 ,221.460,0.720,0.000,-
622,07-May-2019 11:15:00,,,,,0.022,0.000,0.041 ,0.000 ,223.490,0.730,0.000,-
623,07-May-2019 11:30:00,,,,,0.022,0.000,0.042 ,0.000 ,224.220,0.730,0.000,-
624,07-May-2019 11:45:00,,,,,0.022,0.000,0.039 ,0.000 ,220.150,0.710,0.000,-
625,07-May-2019 12:00:00,,,,,0.022,0.000,0.040 ,0.000 ,219.210,0.710,0.000,-
626,07-May-2019 12:15:00,,,,,0.022,0.000,0.039 ,0.000 ,219.530,0.710,0.000,-
627,07-May-2019 12:30:00,,,,,0.022,0.000,0.040 ,0.000 ,220.360,0.720,0.000,-
628,07-May-2019 12:45:00,,,,,0.046,0.000,0.056 ,0.000 ,220.100,1.020,0.000,-
629,07-May-2019 13:00:00,,,,,0.049,0.000,0.059 ,0.000 ,220.710,1.050,0.000,-
630,07-May-2019 13:15:00,,,,,0.050,0.000,0.060 ,0.000 ,224.790,1.060,0.000,-
631,07-May-2019 13:30:00,,,,,0.030,0.000,0.046 ,0.000 ,225.250,0.810,0.000,-
632,07-May-2019 13:45:00,,,,,0.030,0.000,0.047 ,0.000 ,224.770,0.840,0.000,-
633,07-May-2019 14:00:00,,,,,0.040,0.000,0.054 ,0.000 ,223.530,0.950,0.000,-
634,07-May-2019 14:15:00,,,,,0.049,0.000,0.059 ,0.000 ,222.140,1.060,0.000,-
635,07-May-2019 14:30:00,,,,,0.048,0.000,0.058 ,0.000 ,221.660,1.040,0.000,-
636,07-May-2019 14:45:00,,,,,0.046,0.000,0.057 ,0.000 ,222.120,1.020,0.000,-
637,07-May-2019 15:00:00,,,,,0.043,0.000,0.052 ,0.000 ,217.370,0.950,0.000,-
638,07-May-2019 15:15:00,,,,,0.037,0.000,0.047 ,0.000 ,218.210,0.850,0.000,-
639,07-May-2019 15:30:00,,,,,0.037,0.000,0.047 ,0.000 ,219.330,0.850,0.000,-
640,07-May-2019 15:45:00,,,,,0.037,0.000,0.045 ,0.000 ,216.070,0.840,0.000,-
641,07-May-2019 16:00:00,,,,,0.037,0.000,0.048 ,0.000 ,219.860,0.850,0.000,-
642,07-May-2019 16:15:00,,,,,0.037,0.000,0.046 ,0.000 ,218.350,0.850,0.000,-
643,07-May-2019 16:30:00,,,,,0.038,0.000,0.049 ,0.000 ,222.550,0.860,0.000,-
644,07-May-2019 16:45:00,,,,,0.038,0.000,0.048 ,0.000 ,223.180,0.860,0.000,-
645,07-May-2019 17:00:00,,,,,0.039,0.000,0.049 ,0.000 ,224.290,0.870,0.000,-
646,07-May-2019 17:15:00,,,,,0.045,0.000,0.056 ,0.000 ,223.600,1.000,0.000,-
647,07-May-2019 17:30:00,,,,,0.048,0.000,0.059 ,0.000 ,224.080,1.030,0.000,-
648,07-May-2019 17:45:00,,,,,0.047,0.000,0.058 ,0.000 ,224.600,1.030,0.000,-
649,07-May-2019 18:00:00,,,,,0.050,0.000,0.060 ,0.000 ,225.500,1.060,0.000,-
650,07-May-2019 18:15:00,,,,,0.025,0.000,0.043 ,0.000 ,226.280,0.760,0.000,-
651,07-May-2019 18:30:00,,,,,0.025,0.000,0.043 ,0.000 ,226.040,0.760,0.000,-
652,07-May-2019 18:45:00,,,,,0.026,0.000,0.044 ,0.000 ,226.910,0.760,0.000,-
653,07-May-2019 19:00:00,,,,,0.025,0.000,0.044 ,0.000 ,227.600,0.770,0.000,-
654,07-May-2019 19:15:00,,,,,0.050,0.000,0.062 ,0.000 ,228.580,1.070,0.000,-
655,07-May-2019 19:30:00,,,,,0.051,0.000,0.061 ,0.000 ,227.310,1.070,0.000,-
656,07-May-2019 19:45:00,,,,,0.051,0.000,0.061 ,0.000 ,228.440,1.070,0.000,-
657,07-May-2019 20:00:00,,,,,0.051,0.000,0.062 ,0.000 ,229.480,1.080,0.000,-
658,07-May-2019 20:15:00,,,,,0.032,0.000,0.050 ,0.000 ,229.240,0.860,0.000,-
659,07-May-2019 20:30:00,,,,,0.026,0.000,0.045 ,0.000 ,230.040,0.780,0.000,-
660,07-May-2019 20:45:00,,,,,0.026,0.000,0.045 ,0.000 ,229.340,0.780,0.000,-
661,07-May-2019 21:00:00,,,,,0.025,0.000,0.045 ,0.000 ,229.800,0.780,0.000,-
662,07-May-2019 21:15:00,,,,,0.026,0.000,0.045 ,0.000 ,229.940,0.780,0.000,-
663,07-May-2019 21:30:00,,,,,0.028,0.000,0.047 ,0.000 ,229.800,0.810,0.000,-
664,07-May-2019 21:45:00,,,,,0.037,0.000,0.055 ,0.000 ,229.930,0.950,0.000,-
665,07-May-2019 22:00:00,,,,,0.046,0.000,0.060 ,0.000 ,229.750,1.030,0.000,-
666,07-May-2019 22:15:00,,,,,0.051,0.000,0.062 ,0.000 ,229.000,1.080,0.000,-
667,07-May-2019 22:30:00,,,,,0.051,0.000,0.062 ,0.000 ,228.610,1.080,0.000,-
668,07-May-2019 22:45:00,,,,,0.051,0.000,0.062 ,0.000 ,229.610,1.080,0.000,-
669,07-May-2019 23:00:00,,,,,0.063,0.000,0.076 ,0.000 ,228.250,1.320,0.000,-
670,07-May-2019 23:15:00,,,,,0.090,0.000,0.107 ,0.000 ,228.200,1.860,0.000,-
671,07-May-2019 23:30:00,,,,,0.089,0.000,0.105 ,0.000 ,228.260,1.830,0.000,-
672,07-May-2019 23:45:00,,,,,0.089,0.000,0.105 ,0.000 ,229.000,1.830,0.000,-
673,08-May-2019 00:00:00,,,,,0.089,0.000,0.105 ,0.000 ,228.500,1.840,0.000,-
674,08-May-2019 00:15:00,,,,,0.089,0.000,0.106 ,0.000 ,228.890,1.840,0.000,-
675,08-May-2019 00:30:00,,,,,0.091,0.000,0.107 ,0.000 ,229.860,1.850,0.000,-
676,08-May-2019 00:45:00,,,,,0.090,0.000,0.106 ,0.000 ,230.570,1.840,0.000,-
677,08-May-2019 01:00:00,,,,,0.091,0.000,0.107 ,0.000 ,231.950,1.840,0.000,-
678,08-May-2019 01:15:00,,,,,0.091,0.000,0.109 ,0.000 ,233.050,1.850,0.000,-
679,08-May-2019 01:30:00,,,,,0.091,0.000,0.108 ,0.000 ,233.660,1.840,0.000,-
680,08-May-2019 01:45:00,,,,,0.070,0.000,0.084 ,0.000 ,233.890,1.710,0.000,-
681,08-May-2019 02:00:00,,,,,0.018,0.000,0.020 ,0.000 ,239.570,1.550,0.000,-
682,08-May-2019 02:15:00,,,,,0.082,0.000,0.100 ,0.000 ,240.460,1.660,0.000,-
683,08-May-2019 02:30:00,,,,,0.086,0.000,0.106 ,0.000 ,241.080,1.740,0.000,-
684,08-May-2019 02:45:00,,,,,0.084,0.000,0.104 ,0.000 ,240.500,1.730,0.000,-
685,08-May-2019 03:00:00,,,,,0.084,0.000,0.105 ,0.000 ,240.870,1.730,0.000,-
686,08-May-2019 03:15:00,,,,,0.084,0.000,0.104 ,0.000 ,240.650,1.720,0.000,-
687,08-May-2019 03:30:00,,,,,0.084,0.000,0.105 ,0.000 ,240.780,1.730,0.000,-
688,08-May-2019 03:45:00,,,,,0.084,0.000,0.104 ,0.000 ,240.800,1.730,0.000,-
689,08-May-2019 04:00:00,,,,,0.084,0.000,0.105 ,0.000 ,242.320,1.730,0.000,-
690,08-May-2019 04:15:00,,,,,0.085,0.000,0.106 ,0.000 ,242.960,1.740,0.000,-
691,08-May-2019 04:30:00,,,,,0.085,0.000,0.106 ,0.000 ,242.050,1.740,0.000,-
692,08-May-2019 04:45:00,,,,,0.086,0.000,0.106 ,0.000 ,242.340,1.740,0.000,-
693,08-May-2019 05:00:00,,,,,0.085,0.000,0.105 ,0.000 ,242.530,1.740,0.000,-
694,08-May-2019 05:15:00,,,,,0.084,0.000,0.106 ,0.000 ,242.470,1.730,0.000,-
695,08-May-2019 05:30:00,,,,,0.087,0.000,0.107 ,0.000 ,243.250,1.760,0.000,-
696,08-May-2019 05:45:00,,,,,0.072,0.000,0.089 ,0.000 ,244.090,1.450,0.000,-
697,08-May-2019 06:00:00,,,,,0.055,0.000,0.070 ,0.000 ,244.560,1.140,0.000,-
698,08-May-2019 06:15:00,,,,,0.045,0.000,0.055 ,0.000 ,244.520,1.030,0.000,-
699,08-May-2019 06:30:00,,,,,0.061,0.000,0.077 ,0.000 ,238.640,1.280,0.000,-
700,08-May-2019 06:45:00,,,,,0.094,0.000,0.113 ,0.000 ,238.390,1.900,0.000,-
701,08-May-2019 07:00:00,,,,,0.085,0.000,0.105 ,0.000 ,238.470,1.750,0.000,-
702,08-May-2019 07:15:00,,,,,0.085,0.000,0.103 ,0.000 ,237.610,1.730,0.000,-
703,08-May-2019 07:30:00,,,,,0.084,0.000,0.103 ,0.000 ,237.750,1.730,0.000,-
704,08-May-2019 07:45:00,,,,,0.083,0.000,0.103 ,0.000 ,236.730,1.730,0.000,-
705,08-May-2019 08:00:00,,,,,0.029,0.000,0.051 ,0.000 ,235.030,0.860,0.000,-
706,08-May-2019 08:15:00,,,,,0.024,0.000,0.047 ,0.000 ,234.300,0.790,0.000,-
707,08-May-2019 08:30:00,,,,,0.024,0.000,0.046 ,0.000 ,233.730,0.790,0.000,-
708,08-May-2019 08:45:00,,,,,0.024,0.000,0.045 ,0.000 ,231.700,0.770,0.000,-
709,08-May-2019 09:00:00,,,,,0.023,0.000,0.045 ,0.000 ,231.710,0.770,0.000,-
710,08-May-2019 09:15:00,,,,,0.024,0.000,0.043 ,0.000 ,227.730,0.750,0.000,-
711,08-May-2019 09:30:00,,,,,0.022,0.000,0.041 ,0.000 ,221.410,0.720,0.000,-
712,08-May-2019 09:45:00,,,,,0.022,0.000,0.040 ,0.000 ,221.030,0.720,0.000,-
713,08-May-2019 10:00:00,,,,,0.022,0.000,0.040 ,0.000 ,220.940,0.720,0.000,-
714,08-May-2019 10:15:00,,,,,0.022,0.000,0.040 ,0.000 ,219.840,0.720,0.000,-
715,08-May-2019 10:30:00,,,,,0.022,0.000,0.040 ,0.000 ,219.570,0.720,0.000,-
716,08-May-2019 10:45:00,,,,,0.022,0.000,0.036 ,0.000 ,207.980,0.680,0.000,-
717,08-May-2019 11:00:00,,,,,0.023,0.000,0.035 ,0.000 ,204.360,0.690,0.000,-
718,08-May-2019 11:15:00,,,,,0.021,0.000,0.034 ,0.000 ,204.590,0.660,0.000,-
719,08-May-2019 11:30:00,,,,,0.026,0.000,0.039 ,0.000 ,205.620,0.750,0.000,-
720,08-May-2019 11:45:00,,,,,0.033,0.000,0.045 ,0.000 ,206.660,0.870,0.000,-
721,08-May-2019 12:00:00,,,,,0.039,0.000,0.050 ,0.000 ,204.470,0.950,0.000,-
722,08-May-2019 12:15:00,,,,,0.043,0.000,0.051 ,0.000 ,206.070,1.000,0.000,-
723,08-May-2019 12:30:00,,,,,0.045,0.000,0.055 ,0.000 ,213.590,1.010,0.000,-
724,08-May-2019 12:45:00,,,,,0.046,0.000,0.056 ,0.000 ,218.340,1.020,0.000,-
725,08-May-2019 13:00:00,,,,,0.045,0.000,0.055 ,0.000 ,216.220,1.010,0.000,-
726,08-May-2019 13:15:00,,,,,0.046,0.000,0.056 ,0.000 ,219.100,1.020,0.000,-
727,08-May-2019 13:30:00,,,,,0.041,0.000,0.051 ,0.000 ,218.530,0.920,0.000,-
728,08-May-2019 13:45:00,,,,,0.037,0.000,0.046 ,0.000 ,217.960,0.850,0.000,-
729,08-May-2019 14:00:00,,,,,0.038,0.000,0.047 ,0.000 ,217.830,0.850,0.000,-
730,08-May-2019 14:15:00,,,,,0.037,0.000,0.047 ,0.000 ,218.240,0.850,0.000,-
731,08-May-2019 14:30:00,,,,,0.037,0.000,0.046 ,0.000 ,217.950,0.850,0.000,-
732,08-May-2019 14:45:00,,,,,0.037,0.000,0.047 ,0.000 ,219.140,0.850,0.000,-
733,08-May-2019 15:00:00,,,,,0.038,0.000,0.048 ,0.000 ,221.160,0.860,0.000,-
734,08-May-2019 15:15:00,,,,,0.038,0.000,0.048 ,0.000 ,221.370,0.860,0.000,-
735,08-May-2019 15:30:00,,,,,0.038,0.000,0.049 ,0.000 ,222.960,0.870,0.000,-
736,08-May-2019 15:45:00,,,,,0.038,0.000,0.048 ,0.000 ,220.550,0.860,0.000,-
737,08-May-2019 16:00:00,,,,,0.038,0.000,0.048 ,0.000 ,221.670,0.860,0.000,-
738,08-May-2019 16:15:00,,,,,0.037,0.000,0.047 ,0.000 ,220.430,0.860,0.000,-
739,08-May-2019 16:30:00,,,,,0.038,0.000,0.048 ,0.000 ,220.180,0.860,0.000,-
740,08-May-2019 16:45:00,,,,,0.038,0.000,0.048 ,0.000 ,221.730,0.860,0.000,-
741,08-May-2019 17:00:00,,,,,0.037,0.000,0.048 ,0.000 ,220.790,0.860,0.000,-
742,08-May-2019 17:15:00,,,,,0.048,0.000,0.057 ,0.000 ,221.280,1.030,0.000,-
743,08-May-2019 17:30:00,,,,,0.042,0.000,0.055 ,0.000 ,222.130,0.980,0.000,-
744,08-May-2019 17:45:00,,,,,0.035,0.000,0.051 ,0.000 ,222.960,0.900,0.000,-
745,08-May-2019 18:00:00,,,,,0.050,0.000,0.060 ,0.000 ,223.890,1.060,0.000,-
746,08-May-2019 18:15:00,,,,,0.050,0.000,0.060 ,0.000 ,224.560,1.060,0.000,-
747,08-May-2019 18:30:00,,,,,0.040,0.000,0.054 ,0.000 ,226.390,0.950,0.000,-
748,08-May-2019 18:45:00,,,,,0.026,0.000,0.044 ,0.000 ,227.190,0.770,0.000,-
749,08-May-2019 19:00:00,,,,,0.026,0.000,0.044 ,0.000 ,226.700,0.760,0.000,-
750,08-May-2019 19:15:00,,,,,0.039,0.000,0.053 ,0.000 ,225.030,0.940,0.000,-
751,08-May-2019 19:30:00,,,,,0.050,0.000,0.060 ,0.000 ,224.610,1.060,0.000,-
752,08-May-2019 19:45:00,,,,,0.050,0.000,0.061 ,0.000 ,226.210,1.070,0.000,-
753,08-May-2019 20:00:00,,,,,0.046,0.000,0.058 ,0.000 ,225.250,1.020,0.000,-
754,08-May-2019 20:15:00,,,,,0.047,0.000,0.059 ,0.000 ,226.090,1.030,0.000,-
755,08-May-2019 20:30:00,,,,,0.026,0.000,0.045 ,0.000 ,229.150,0.780,0.000,-
756,08-May-2019 20:45:00,,,,,0.026,0.000,0.045 ,0.000 ,230.130,0.790,0.000,-
757,08-May-2019 21:00:00,,,,,0.025,0.000,0.045 ,0.000 ,227.160,0.770,0.000,-
758,08-May-2019 21:15:00,,,,,0.026,0.000,0.044 ,0.000 ,228.040,0.780,0.000,-
759,08-May-2019 21:30:00,,,,,0.026,0.000,0.045 ,0.000 ,228.770,0.780,0.000,-
760,08-May-2019 21:45:00,,,,,0.029,0.000,0.047 ,0.000 ,227.620,0.830,0.000,-
761,08-May-2019 22:00:00,,,,,0.037,0.000,0.054 ,0.000 ,228.240,0.940,0.000,-
762,08-May-2019 22:15:00,,,,,0.050,0.000,0.062 ,0.000 ,227.850,1.080,0.000,-
763,08-May-2019 22:30:00,,,,,0.051,0.000,0.062 ,0.000 ,228.930,1.080,0.000,-
764,08-May-2019 22:45:00,,,,,0.051,0.000,0.062 ,0.000 ,228.770,1.080,0.000,-
765,08-May-2019 23:00:00,,,,,0.050,0.000,0.061 ,0.000 ,226.440,1.070,0.000,-
766,08-May-2019 23:15:00,,,,,0.048,0.000,0.060 ,0.000 ,226.020,1.050,0.000,-
767,08-May-2019 23:30:00,,,,,0.053,0.000,0.063 ,0.000 ,226.120,1.120,0.000,-
768,08-May-2019 23:45:00,,,,,0.084,0.000,0.102 ,0.000 ,225.870,1.790,0.000,-
769,09-May-2019 00:00:00,,,,,0.081,0.000,0.097 ,0.000 ,226.990,1.700,0.000,-
770,09-May-2019 00:15:00,,,,,0.082,0.000,0.098 ,0.000 ,226.780,1.720,0.000,-
771,09-May-2019 00:30:00,,,,,0.083,0.000,0.098 ,0.000 ,226.410,1.730,0.000,-
772,09-May-2019 00:45:00,,,,,0.083,0.000,0.099 ,0.000 ,227.550,1.730,0.000,-
773,09-May-2019 01:00:00,,,,,0.083,0.000,0.099 ,0.000 ,228.830,1.730,0.000,-
774,09-May-2019 01:15:00,,,,,0.084,0.000,0.099 ,0.000 ,228.220,1.730,0.000,-
775,09-May-2019 01:30:00,,,,,0.084,0.000,0.100 ,0.000 ,229.910,1.730,0.000,-
776,09-May-2019 01:45:00,,,,,0.084,0.000,0.101 ,0.000 ,230.900,1.740,0.000,-
777,09-May-2019 02:00:00,,,,,0.083,0.000,0.100 ,0.000 ,230.790,1.720,0.000,-
778,09-May-2019 02:15:00,,,,,0.081,0.000,0.098 ,0.000 ,230.870,1.700,0.000,-
779,09-May-2019 02:30:00,,,,,0.081,0.000,0.099 ,0.000 ,230.880,1.700,0.000,-
780,09-May-2019 02:45:00,,,,,0.082,0.000,0.098 ,0.000 ,231.500,1.700,0.000,-
781,09-May-2019 03:00:00,,,,,0.081,0.000,0.099 ,0.000 ,232.230,1.700,0.000,-
782,09-May-2019 03:15:00,,,,,0.081,0.000,0.099 ,0.000 ,232.860,1.700,0.000,-
783,09-May-2019 03:30:00,,,,,0.082,0.000,0.100 ,0.000 ,232.910,1.700,0.000,-
784,09-May-2019 03:45:00,,,,,0.082,0.000,0.100 ,0.000 ,233.270,1.700,0.000,-
785,09-May-2019 04:00:00,,,,,0.082,0.000,0.100 ,0.000 ,234.170,1.700,0.000,-
786,09-May-2019 04:15:00,,,,,0.082,0.000,0.100 ,0.000 ,233.840,1.700,0.000,-
787,09-May-2019 04:30:00,,,,,0.082,0.000,0.101 ,0.000 ,234.890,1.700,0.000,-
788,09-May-2019 04:45:00,,,,,0.082,0.000,0.100 ,0.000 ,234.910,1.700,0.000,-
789,09-May-2019 05:00:00,,,,,0.082,0.000,0.100 ,0.000 ,234.750,1.700,0.000,-
790,09-May-2019 05:15:00,,,,,0.082,0.000,0.101 ,0.000 ,234.040,1.710,0.000,-
791,09-May-2019 05:30:00,,,,,0.083,0.000,0.101 ,0.000 ,234.880,1.710,0.000,-
792,09-May-2019 05:45:00,,,,,0.082,0.000,0.101 ,0.000 ,235.460,1.710,0.000,-
793,09-May-2019 06:00:00,,,,,0.083,0.000,0.101 ,0.000 ,236.780,1.710,0.000,-
794,09-May-2019 06:15:00,,,,,0.083,0.000,0.102 ,0.000 ,236.680,1.710,0.000,-
795,09-May-2019 06:30:00,,,,,0.082,0.000,0.101 ,0.000 ,235.320,1.710,0.000,-
796,09-May-2019 06:45:00,,,,,0.082,0.000,0.100 ,0.000 ,233.520,1.710,0.000,-
797,09-May-2019 07:00:00,,,,,0.073,0.000,0.095 ,0.000 ,234.650,1.600,0.000,-
798,09-May-2019 07:15:00,,,,,0.067,0.000,0.091 ,0.000 ,234.580,1.550,0.000,-
799,09-May-2019 07:30:00,,,,,0.069,0.000,0.093 ,0.000 ,236.320,1.560,0.000,-
800,09-May-2019 07:45:00,,,,,0.068,0.000,0.093 ,0.000 ,237.100,1.570,0.000,-
801,09-May-2019 08:00:00,,,,,0.068,0.000,0.092 ,0.000 ,234.440,1.560,0.000,-
802,09-May-2019 08:15:00,,,,,0.068,0.000,0.092 ,0.000 ,234.420,1.550,0.000,-
803,09-May-2019 08:30:00,,,,,0.068,0.000,0.090 ,0.000 ,232.120,1.550,0.000,-
804,09-May-2019 08:45:00,,,,,0.067,0.000,0.090 ,0.000 ,230.550,1.550,0.000,-
805,09-May-2019 09:00:00,,,,,0.067,0.000,0.089 ,0.000 ,229.920,1.550,0.000,-
806,09-May-2019 09:15:00,,,,,0.149,0.000,0.158 ,0.000 ,227.640,2.770,0.000,-
807,09-May-2019 09:30:00,,,,,0.041,0.000,0.050 ,0.000 ,221.750,0.890,0.000,-
808,09-May-2019 09:45:00,,,,,0.026,0.000,0.040 ,0.000 ,216.660,0.740,0.000,-
809,09-May-2019 10:00:00,,,,,0.033,0.000,0.045 ,0.000 ,217.740,0.810,0.000,-
810,09-May-2019 10:15:00,,,,,0.022,0.000,0.038 ,0.000 ,215.490,0.700,0.000,-
811,09-May-2019 10:30:00,,,,,0.034,0.000,0.044 ,0.000 ,212.810,0.820,0.000,-
812,09-May-2019 10:45:00,,,,,0.039,0.000,0.046 ,0.000 ,211.180,0.860,0.000,-
813,09-May-2019 11:00:00,,,,,0.033,0.000,0.043 ,0.000 ,211.730,0.810,0.000,-
814,09-May-2019 11:15:00,,,,,0.038,0.000,0.046 ,0.000 ,212.280,0.860,0.000,-
815,09-May-2019 11:30:00,,,,,0.025,0.000,0.038 ,0.000 ,210.150,0.720,0.000,-
816,09-May-2019 11:45:00,,,,,0.024,0.000,0.038 ,0.000 ,212.200,0.710,0.000,-
817,09-May-2019 12:00:00,,,,,0.024,0.000,0.037 ,0.000 ,210.880,0.710,0.000,-
818,09-May-2019 12:15:00,,,,,0.034,0.000,0.045 ,0.000 ,210.180,0.850,0.000,-
819,09-May-2019 12:30:00,,,,,0.043,0.000,0.052 ,0.000 ,208.710,0.990,0.000,-
820,09-May-2019 12:45:00,,,,,0.021,0.000,0.036 ,0.000 ,210.380,0.680,0.000,-
821,09-May-2019 13:00:00,,,,,0.022,0.000,0.037 ,0.000 ,210.880,0.690,0.000,-
822,09-May-2019 13:15:00,,,,,0.024,0.000,0.037 ,0.000 ,209.990,0.700,0.000,-
823,09-May-2019 13:30:00,,,,,0.024,0.000,0.037 ,0.000 ,209.980,0.700,0.000,-
824,09-May-2019 13:45:00,,,,,0.030,0.000,0.042 ,0.000 ,210.340,0.790,0.000,-
825,09-May-2019 14:00:00,,,,,0.047,0.000,0.055 ,0.000 ,209.920,1.040,0.000,-
826,09-May-2019 14:15:00,,,,,0.047,0.000,0.056 ,0.000 ,210.780,1.050,0.000,-
827,09-May-2019 14:30:00,,,,,0.086,0.000,0.099 ,0.000 ,209.400,1.900,0.000,-
828,09-May-2019 14:45:00,,,,,0.078,0.000,0.092 ,0.000 ,211.450,1.730,0.000,-
829,09-May-2019 15:00:00,,,,,0.076,0.000,0.090 ,0.000 ,213.810,1.660,0.000,-
830,09-May-2019 15:15:00,,,,,0.075,0.000,0.088 ,0.000 ,212.950,1.650,0.000,-
831,09-May-2019 15:30:00,,,,,0.074,0.000,0.088 ,0.000 ,211.500,1.640,0.000,-
832,09-May-2019 15:45:00,,,,,0.075,0.000,0.088 ,0.000 ,213.330,1.650,0.000,-
833,09-May-2019 16:00:00,,,,,0.074,0.000,0.086 ,0.000 ,208.520,1.640,0.000,-
834,09-May-2019 16:15:00,,,,,0.072,0.000,0.086 ,0.000 ,207.850,1.640,0.000,-
835,09-May-2019 16:30:00,,,,,0.074,0.000,0.086 ,0.000 ,209.340,1.640,0.000,-
836,09-May-2019 16:45:00,,,,,0.055,0.000,0.066 ,0.000 ,212.610,1.230,0.000,-
837,09-May-2019 17:00:00,,,,,0.039,0.000,0.047 ,0.000 ,210.650,0.870,0.000,-
838,09-May-2019 17:15:00,,,,,0.039,0.000,0.046 ,0.000 ,212.820,0.870,0.000,-
839,09-May-2019 17:30:00,,,,,0.042,0.000,0.050 ,0.000 ,216.590,0.920,0.000,-
840,09-May-2019 17:45:00,,,,,0.049,0.000,0.059 ,0.000 ,218.090,1.060,0.000,-
841,09-May-2019 18:00:00,,,,,0.049,0.000,0.058 ,0.000 ,219.070,1.060,0.000,-
842,09-May-2019 18:15:00,,,,,0.049,0.000,0.059 ,0.000 ,219.640,1.060,0.000,-
843,09-May-2019 18:30:00,,,,,0.051,0.000,0.061 ,0.000 ,224.500,1.070,0.000,-
844,09-May-2019 18:45:00,,,,,0.051,0.000,0.062 ,0.000 ,227.250,1.080,0.000,-
845,09-May-2019 19:00:00,,,,,0.051,0.000,0.060 ,0.000 ,225.720,1.070,0.000,-
846,09-May-2019 19:15:00,,,,,0.035,0.000,0.053 ,0.000 ,226.780,0.920,0.000,-
847,09-May-2019 19:30:00,,,,,0.037,0.000,0.053 ,0.000 ,226.110,0.930,0.000,-
848,09-May-2019 19:45:00,,,,,0.049,0.000,0.060 ,0.000 ,225.710,1.060,0.000,-
849,09-May-2019 20:00:00,,,,,0.038,0.000,0.054 ,0.000 ,226.720,0.950,0.000,-
850,09-May-2019 20:15:00,,,,,0.051,0.000,0.061 ,0.000 ,226.650,1.080,0.000,-
851,09-May-2019 20:30:00,,,,,0.051,0.000,0.062 ,0.000 ,226.680,1.070,0.000,-
852,09-May-2019 20:45:00,,,,,0.051,0.000,0.061 ,0.000 ,225.760,1.070,0.000,-
853,09-May-2019 21:00:00,,,,,0.050,0.000,0.061 ,0.000 ,226.390,1.070,0.000,-
854,09-May-2019 21:15:00,,,,,0.051,0.000,0.061 ,0.000 ,226.830,1.080,0.000,-
855,09-May-2019 21:30:00,,,,,0.056,0.000,0.070 ,0.000 ,227.250,1.230,0.000,-
856,09-May-2019 21:45:00,,,,,0.079,0.000,0.099 ,0.000 ,226.390,1.740,0.000,-
857,09-May-2019 22:00:00,,,,,0.076,0.000,0.097 ,0.000 ,227.370,1.690,0.000,-
858,09-May-2019 22:15:00,,,,,0.077,0.000,0.096 ,0.000 ,226.440,1.700,0.000,-
859,09-May-2019 22:30:00,,,,,0.096,0.000,0.110 ,0.000 ,224.520,1.940,0.000,-
860,09-May-2019 22:45:00,,,,,0.093,0.000,0.107 ,0.000 ,224.470,1.910,0.000,-
861,09-May-2019 23:00:00,,,,,0.092,0.000,0.106 ,0.000 ,224.230,1.880,0.000,-
862,09-May-2019 23:15:00,,,,,0.091,0.000,0.106 ,0.000 ,224.660,1.880,0.000,-
863,09-May-2019 23:30:00,,,,,0.093,0.000,0.107 ,0.000 ,226.290,1.890,0.000,-
864,09-May-2019 23:45:00,,,,,0.093,0.000,0.107 ,0.000 ,226.170,1.890,0.000,-
865,10-May-2019 00:00:00,,,,,0.090,0.000,0.105 ,0.000 ,226.490,1.850,0.000,-
866,10-May-2019 00:15:00,,,,,0.089,0.000,0.104 ,0.000 ,223.900,1.850,0.000,-
867,10-May-2019 00:30:00,,,,,0.090,0.000,0.105 ,0.000 ,225.110,1.850,0.000,-
868,10-May-2019 00:45:00,,,,,0.080,0.000,0.096 ,0.000 ,225.670,1.700,0.000,-
869,10-May-2019 01:00:00,,,,,0.081,0.000,0.096 ,0.000 ,225.810,1.700,0.000,-
870,10-May-2019 01:15:00,,,,,0.081,0.000,0.097 ,0.000 ,226.680,1.700,0.000,-
871,10-May-2019 01:30:00,,,,,0.082,0.000,0.098 ,0.000 ,227.950,1.710,0.000,-
872,10-May-2019 01:45:00,,,,,0.081,0.000,0.097 ,0.000 ,227.170,1.700,0.000,-
873,10-May-2019 02:00:00,,,,,0.047,0.000,0.059 ,0.000 ,228.770,1.030,0.000,-
874,10-May-2019 02:15:00,,,,,0.040,0.000,0.052 ,0.000 ,229.790,0.900,0.000,-
875,10-May-2019 02:30:00,,,,,0.040,0.000,0.053 ,0.000 ,230.740,0.900,0.000,-
876,10-May-2019 02:45:00,,,,,0.040,0.000,0.052 ,0.000 ,230.320,0.890,0.000,-
877,10-May-2019 03:00:00,,,,,0.039,0.000,0.051 ,0.000 ,230.270,0.890,0.000,-
878,10-May-2019 03:15:00,,,,,0.041,0.000,0.053 ,0.000 ,230.590,0.900,0.000,-
879,10-May-2019 03:30:00,,,,,0.049,0.000,0.062 ,0.000 ,230.460,1.070,0.000,-
880,10-May-2019 03:45:00,,,,,0.082,0.000,0.101 ,0.000 ,231.220,1.740,0.000,-
881,10-May-2019 04:00:00,,,,,0.081,0.000,0.098 ,0.000 ,231.450,1.690,0.000,-
882,10-May-2019 04:15:00,,,,,0.079,0.000,0.098 ,0.000 ,231.760,1.690,0.000,-
883,10-May-2019 04:30:00,,,,,0.080,0.000,0.099 ,0.000 ,231.800,1.690,0.000,-
884,10-May-2019 04:45:00,,,,,0.081,0.000,0.098 ,0.000 ,232.170,1.690,0.000,-
885,10-May-2019 05:00:00,,,,,0.081,0.000,0.099 ,0.000 ,232.620,1.690,0.000,-
886,10-May-2019 05:15:00,,,,,0.081,0.000,0.099 ,0.000 ,232.550,1.700,0.000,-
887,10-May-2019 05:30:00,,,,,0.081,0.000,0.099 ,0.000 ,232.510,1.700,0.000,-
888,10-May-2019 05:45:00,,,,,0.080,0.000,0.100 ,0.000 ,233.740,1.690,0.000,-
889,10-May-2019 06:00:00,,,,,0.080,0.000,0.099 ,0.000 ,233.330,1.690,0.000,-
890,10-May-2019 06:15:00,,,,,0.081,0.000,0.099 ,0.000 ,233.590,1.700,0.000,-
891,10-May-2019 06:30:00,,,,,0.081,0.000,0.100 ,0.000 ,234.010,1.700,0.000,-
892,10-May-2019 06:45:00,,,,,0.074,0.000,0.096 ,0.000 ,233.710,1.630,0.000,-
893,10-May-2019 07:00:00,,,,,0.067,0.000,0.091 ,0.000 ,234.720,1.540,0.000,-
894,10-May-2019 07:15:00,,,,,0.065,0.000,0.090 ,0.000 ,232.790,1.540,0.000,-
895,10-May-2019 07:30:00,,,,,0.067,0.000,0.090 ,0.000 ,232.620,1.550,0.000,-
896,10-May-2019 07:45:00,,,,,0.068,0.000,0.091 ,0.000 ,232.860,1.560,0.000,-
897,10-May-2019 08:00:00,,,,,0.067,0.000,0.091 ,0.000 ,232.550,1.550,0.000,-
898,10-May-2019 08:15:00,,,,,0.067,0.000,0.091 ,0.000 ,231.900,1.550,0.000,-
899,10-May-2019 08:30:00,,,,,0.037,0.000,0.055 ,0.000 ,230.780,0.950,0.000,-
900,10-May-2019 08:45:00,,,,,0.150,0.000,0.161 ,0.000 ,228.370,2.830,0.000,-
901,10-May-2019 09:00:00,,,,,0.051,0.000,0.061 ,0.000 ,227.150,1.070,0.000,-
902,10-May-2019 09:15:00,,,,,0.042,0.000,0.056 ,0.000 ,226.370,0.970,0.000,-
903,10-May-2019 09:30:00,,,,,0.034,0.000,0.047 ,0.000 ,224.840,0.840,0.000,-
904,10-May-2019 09:45:00,,,,,0.052,0.000,0.062 ,0.000 ,223.390,1.100,0.000,-
905,10-May-2019 10:00:00,,,,,0.049,0.000,0.058 ,0.000 ,219.290,1.060,0.000,-
906,10-May-2019 10:15:00,,,,,0.042,0.000,0.054 ,0.000 ,217.280,0.980,0.000,-
907,10-May-2019 10:30:00,,,,,0.034,0.000,0.048 ,0.000 ,215.880,0.880,0.000,-
908,10-May-2019 10:45:00,,,,,0.042,0.000,0.053 ,0.000 ,216.870,0.980,0.000,-
909,10-May-2019 11:00:00,,,,,0.030,0.000,0.044 ,0.000 ,216.300,0.790,0.000,-
910,10-May-2019 11:15:00,,,,,0.021,0.000,0.037 ,0.000 ,213.950,0.700,0.000,-
911,10-May-2019 11:30:00,,,,,0.022,0.000,0.036 ,0.000 ,208.530,0.680,0.000,-
912,10-May-2019 11:45:00,,,,,0.025,0.000,0.038 ,0.000 ,211.570,0.720,0.000,-
913,10-May-2019 12:00:00,,,,,0.035,0.000,0.045 ,0.000 ,213.520,0.840,0.000,-
914,10-May-2019 12:15:00,,,,,0.027,0.000,0.041 ,0.000 ,216.100,0.750,0.000,-
915,10-May-2019 12:30:00,,,,,0.045,0.000,0.053 ,0.000 ,216.710,0.960,0.000,-
916,10-May-2019 12:45:00,,,,,0.049,0.000,0.058 ,0.000 ,216.010,1.070,0.000,-
917,10-May-2019 13:00:00,,,,,0.050,0.000,0.058 ,0.000 ,217.510,1.060,0.000,-
918,10-May-2019 13:15:00,,,,,0.054,0.000,0.065 ,0.000 ,219.200,1.170,0.000,-
919,10-May-2019 13:30:00,,,,,0.081,0.000,0.097 ,0.000 ,220.490,1.760,0.000,-
920,10-May-2019 13:45:00,,,,,0.079,0.000,0.093 ,0.000 ,219.520,1.700,0.000,-
921,10-May-2019 14:00:00,,,,,0.078,0.000,0.093 ,0.000 ,218.700,1.690,0.000,-
922,10-May-2019 14:15:00,,,,,0.078,0.000,0.092 ,0.000 ,218.620,1.680,0.000,-
923,10-May-2019 14:30:00,,,,,0.077,0.000,0.093 ,0.000 ,218.830,1.680,0.000,-
924,10-May-2019 14:45:00,,,,,0.077,0.000,0.092 ,0.000 ,218.890,1.670,0.000,-
925,10-May-2019 15:00:00,,,,,0.078,0.000,0.092 ,0.000 ,219.940,1.680,0.000,-
926,10-May-2019 15:15:00,,,,,0.078,0.000,0.094 ,0.000 ,221.220,1.680,0.000,-
927,10-May-2019 15:30:00,,,,,0.078,0.000,0.093 ,0.000 ,220.520,1.680,0.000,-
928,10-May-2019 15:45:00,,,,,0.077,0.000,0.092 ,0.000 ,220.750,1.660,0.000,-
929,10-May-2019 16:00:00,,,,,0.078,0.000,0.093 ,0.000 ,220.810,1.670,0.000,-
930,10-May-2019 16:15:00,,,,,0.077,0.000,0.092 ,0.000 ,220.380,1.670,0.000,-
931,10-May-2019 16:30:00,,,,,0.078,0.000,0.093 ,0.000 ,219.870,1.680,0.000,-
932,10-May-2019 16:45:00,,,,,0.077,0.000,0.091 ,0.000 ,218.580,1.670,0.000,-
933,10-May-2019 17:00:00,,,,,0.082,0.000,0.098 ,0.000 ,221.910,1.750,0.000,-
934,10-May-2019 17:15:00,,,,,0.089,0.000,0.103 ,0.000 ,224.360,1.840,0.000,-
935,10-May-2019 17:30:00,,,,,0.075,0.000,0.095 ,0.000 ,225.220,1.680,0.000,-
936,10-May-2019 17:45:00,,,,,0.075,0.000,0.095 ,0.000 ,226.920,1.660,0.000,-
937,10-May-2019 18:00:00,,,,,0.074,0.000,0.095 ,0.000 ,228.970,1.660,0.000,-
938,10-May-2019 18:15:00,,,,,0.069,0.000,0.089 ,0.000 ,229.260,1.550,0.000,-
939,10-May-2019 18:30:00,,,,,0.051,0.000,0.063 ,0.000 ,229.440,1.080,0.000,-
940,10-May-2019 18:45:00,,,,,0.051,0.000,0.062 ,0.000 ,230.570,1.080,0.000,-
941,10-May-2019 19:00:00,,,,,0.052,0.000,0.063 ,0.000 ,230.520,1.080,0.000,-
942,10-May-2019 19:15:00,,,,,0.052,0.000,0.062 ,0.000 ,230.240,1.080,0.000,-
943,10-May-2019 19:30:00,,,,,0.051,0.000,0.063 ,0.000 ,230.740,1.080,0.000,-
944,10-May-2019 19:45:00,,,,,0.052,0.000,0.063 ,0.000 ,230.560,1.080,0.000,-
945,10-May-2019 20:00:00,,,,,0.053,0.000,0.063 ,0.000 ,230.520,1.090,0.000,-
946,10-May-2019 20:15:00,,,,,0.052,0.000,0.063 ,0.000 ,231.020,1.080,0.000,-
947,10-May-2019 20:30:00,,,,,0.052,0.000,0.062 ,0.000 ,230.100,1.080,0.000,-
948,10-May-2019 20:45:00,,,,,0.051,0.000,0.062 ,0.000 ,228.610,1.080,0.000,-
949,10-May-2019 21:00:00,,,,,0.052,0.000,0.063 ,0.000 ,229.980,1.080,0.000,-
950,10-May-2019 21:15:00,,,,,0.052,0.000,0.063 ,0.000 ,230.310,1.090,0.000,-
951,10-May-2019 21:30:00,,,,,0.052,0.000,0.063 ,0.000 ,230.240,1.090,0.000,-
952,10-May-2019 21:45:00,,,,,0.052,0.000,0.063 ,0.000 ,230.860,1.090,0.000,-
953,10-May-2019 22:00:00,,,,,0.051,0.000,0.062 ,0.000 ,228.260,1.080,0.000,-
954,10-May-2019 22:15:00,,,,,0.083,0.000,0.097 ,0.000 ,226.970,1.710,0.000,-
955,10-May-2019 22:30:00,,,,,0.092,0.000,0.108 ,0.000 ,227.040,1.880,0.000,-
956,10-May-2019 22:45:00,,,,,0.084,0.000,0.102 ,0.000 ,227.750,1.780,0.000,-
957,10-May-2019 23:00:00,,,,,0.078,0.000,0.098 ,0.000 ,229.470,1.710,0.000,-
958,10-May-2019 23:15:00,,,,,0.091,0.000,0.107 ,0.000 ,228.270,1.870,0.000,-
959,10-May-2019 23:30:00,,,,,0.088,0.000,0.105 ,0.000 ,228.070,1.830,0.000,-
960,10-May-2019 23:45:00,,,,,0.089,0.000,0.105 ,0.000 ,229.170,1.820,0.000,-